defined_class	defined_class_name	stressor
ECTO:0000231	exposure to chemical	CHEBI:24431
ECTO:9000001	exposure to amlodipine	CHEBI:2668
ECTO:9000002	exposure to biguanide	CHEBI:3095
ECTO:9000003	exposure to digitalin	CHEBI:28143
ECTO:9000004	exposure to nitroglycerin	CHEBI:28787
ECTO:9000006	exposure to premarin	CHEBI:8389
ECTO:9000007	exposure to probucol	CHEBI:8427
ECTO:9000008	exposure to aspirin	CHEBI:15365
ECTO:9000009	exposure to diltiazem	CHEBI:101278
ECTO:9000010	exposure to estrogens	CHEBI:50114
ECTO:9000011	exposure to heparin	CHEBI:28304
ECTO:9000012	exposure to nifedipine	CHEBI:7565
ECTO:9000013	exposure to thiazolidinediones	CHEBI:50990
ECTO:9000014	exposure to verapamil	CHEBI:9948
ECTO:0002002	exposure to steroid	CHEBI:35341
ECTO:9000016	exposure to hydrogen chloride	CHEBI:17883
ECTO:9000017	exposure to sulfuric acid	CHEBI:26836 
ECTO:9000018	exposure to phosphoric acid	CHEBI:26078
ECTO:9000019	exposure to acetic acid	CHEBI:15366
ECTO:9000020	exposure to nitric acid	CHEBI:48107
ECTO:9000021	exposure to alkali metal salt	CHEBI:35479
ECTO:9000022	exposure to sodium hydroxide	CHEBI:32145
ECTO:9000023	exposure to magnesium hydroxide	CHEBI:35149
ECTO:9000024	exposure to calcium hydroxide	CHEBI:35150
ECTO:9000025	exposure to potassium hydroxide	CHEBI:32035
ECTO:9000026	exposure to alcohol	CHEBI:30879
ECTO:9000027	exposure to ethanol	CHEBI:16236
ECTO:9000028	exposure to methanol	CHEBI:17790
ECTO:9000029	exposure to aluminum	CHEBI:33620
ECTO:9000030	exposure to aluminum oxides	CHEBI:33623
ECTO:9000031	exposure to ammonia	CHEBI:16134
ECTO:9000032	exposure to arsenic	CHEBI:22632
ECTO:9000033	exposure to asbestos	CHEBI:46661
ECTO:9000034	exposure to benzene	CHEBI:16716
ECTO:9000035	exposure to xylene	CHEBI:27338
ECTO:9000036	exposure to toluene	CHEBI:17578
ECTO:9000037	exposure to chromium	CHEBI:23237
ECTO:9000038	exposure to chromate(2-)	CHEBI:35404
ECTO:9000039	exposure to 1,2-dichloroethane	CHEBI:27789
ECTO:0000439	exposure to formaldehyde	CHEBI:16842
ECTO:9000042	exposure to chloroform	CHEBI:35255
ECTO:9000043	exposure to chloroprene	CHEBI:39481
ECTO:9000044	exposure to ketone	CHEBI:17087
ECTO:9000045	exposure to dichloromethane	CHEBI:15767
ECTO:9000048	exposure to tetrachloromethane	CHEBI:27385
ECTO:9000049	exposure to carbon dioxide	CHEBI:16526
ECTO:0000207	exposure to carbon monoxide	CHEBI:17245
ECTO:9000051	exposure to dinitrogen oxide	CHEBI:17045
ECTO:9000052	exposure to ozone	CHEBI:25812
ECTO:9000055	exposure to talc	CHEBI:32178
ECTO:9000056	exposure to biphenyls	CHEBI:22888
ECTO:9000057	exposure to bisphenol A	CHEBI:33216
ECTO:9000058	exposure to dichlorobenzene	CHEBI:23697
ECTO:9000059	exposure to ethylbenzene	CHEBI:16101
ECTO:9000060	exposure to 1,2-dibromoethane	CHEBI:28534
ECTO:9000062	exposure to coal-tar pitch	CHEBI:80501
ECTO:9000063	exposure to nickel	CHEBI:33748
ECTO:9000064	exposure to chloroethane	CHEBI:47554
ECTO:9000065	exposure to 2-methoxyethanol	CHEBI:46790
ECTO:9000066	exposure to 2-ethoxyethanol	CHEBI:46788
ECTO:9000067	exposure to 2-butoxyethanol	CHEBI:63921
ECTO:9000068	exposure to polychlorobiphenyl	CHEBI:53156
ECTO:9000069	exposure to styrene	CHEBI:27452
ECTO:9000070	exposure to phosgene	CHEBI:29365
ECTO:9000071	exposure to phenol	CHEBI:15882
ECTO:9000073	exposure to silicon dioxide	CHEBI:30563
ECTO:9000074	exposure to tetrachloroethene	CHEBI:17300
ECTO:9000076	exposure to sodium hypochlorite	CHEBI:32146
ECTO:9000077	exposure to chlorine	CHEBI:23117
ECTO:9000078	exposure to triclosan	CHEBI:164200
ECTO:9000079	exposure to polyvinyl acetate	CHEBI:32028
ECTO:9000081	exposure to urethane	CHEBI:17967
ECTO:9000082	exposure to polyurethane polymer	CHEBI:60737
ECTO:9000083	exposure to butanone	CHEBI:22951
ECTO:9000084	exposure to iodine	CHEBI:24860
ECTO:9000085	exposure to acetone	CHEBI:15347
ECTO:9000087	exposure to iron	CHEBI:24873
ECTO:0000530	exposure to pesticide	CHEBI:25944
ECTO:9000089	exposure to insecticide	CHEBI:24852
ECTO:9000090	exposure to rodenticide	CHEBI:33288
ECTO:0000515	exposure to herbicide	CHEBI:24527
ECTO:9000091	exposure to fertilizer	CHEBI:33287
ECTO:9000092	exposure to fungicide	CHEBI:24127
ECTO:9000094	exposure to perfluorooctane-1-sulfonic acid	CHEBI:39421
ECTO:9000095	exposure to perfluorooctanoic acid	CHEBI:35549
ECTO:9000096	exposure to methyl tert-butyl ether	CHEBI:27642
ECTO:9000097	exposure to radon	CHEBI:36911
ECTO:9000098	exposure to methyl bromide	CHEBI:39275
ECTO:9000099	exposure to propan-2-ol	CHEBI:17824
ECTO:9000100	exposure to butan-1-ol	CHEBI:28885
ECTO:9000101	exposure to toluene meta-diisocyanate	CHEBI:53555
ECTO:9000102	exposure to toluene 2,6-diisocyanate	CHEBI:53557
ECTO:9000103	exposure to toluene 2,4-diisocyanate	CHEBI:53556
ECTO:9000104	exposure to diphenylmethane-4,4'-diisocyanate	CHEBI:53218
ECTO:9000105	exposure to uranium	CHEBI:33499
ECTO:9000106	exposure to polymer	CHEBI:60027
ECTO:9000107	exposure to solvent	CHEBI:46787
ECTO:9000108	exposure to sodium carbonate	CHEBI:29377
ECTO:9000109	exposure to sodium silicate	CHEBI:60720
ECTO:9000110	exposure to EDTA(2-)	CHEBI:64755
ECTO:9000111	exposure to hexane	CHEBI:29021
ECTO:9000112	exposure to heptane	CHEBI:43098
ECTO:9000113	exposure to rubber particle	CHEBI:28798
ECTO:9000114	exposure to epichlorohydrin	CHEBI:37144
ECTO:9000115	exposure to polyethylene polymer	CHEBI:60034
ECTO:9000116	exposure to alpha-pinene	CHEBI:36740
ECTO:9000117	exposure to beta-pinene	CHEBI:50025
ECTO:9000118	exposure to citronellol	CHEBI:50462
ECTO:9000119	exposure to citronellal	CHEBI:47856
ECTO:9000120	exposure to geraniol	CHEBI:17447
ECTO:9000121	exposure to N,N-diethyl-m-toluamide	CHEBI:7071
ECTO:9000122	exposure to cyfluthrin	CHEBI:4034
ECTO:9000123	exposure to folic acid	CHEBI:27470
ECTO:9000124	exposure to 5-methyltetrahydrofolate	CHEBI:20612
ECTO:9000125	exposure to vitamin A	CHEBI:12777
ECTO:9000126	exposure to beta-carotene	CHEBI:17579
ECTO:9000127	exposure to retinyl palmitate	CHEBI:15040
ECTO:9000128	exposure to all-trans-retinol	CHEBI:17336
ECTO:9000129	exposure to all-trans-retinal	CHEBI:17898
ECTO:9000130	exposure to 11-cis-retinal	CHEBI:16066
ECTO:9000131	exposure to all-trans-retinoic acid	CHEBI:15367
ECTO:9000132	exposure to 9-cis-retinoic acid	CHEBI:50648
ECTO:9000133	exposure to vitamin D	CHEBI:27300
ECTO:9000134	exposure to vitamin D2	CHEBI:28934
ECTO:9000135	exposure to vitamin D3	CHEBI:73558
ECTO:9000136	exposure to tocopherol	CHEBI:27013
ECTO:9000137	exposure to (+)-alpha-tocopherol	CHEBI:18145
ECTO:9000138	exposure to (-)-alpha-tocopherol	CHEBI:46430
ECTO:9000139	exposure to vitamin K	CHEBI:28384
ECTO:9000140	exposure to phylloquinone	CHEBI:18067
ECTO:9000141	exposure to menaquinone	CHEBI:16374
ECTO:9000142	exposure to menadione	CHEBI:28869
ECTO:9000143	exposure to vitamin C	CHEBI:21241
ECTO:9000144	exposure to L-ascorbic acid	CHEBI:29073
ECTO:9000145	exposure to ascorbic acid	CHEBI:22652
ECTO:9000146	exposure to sodium ascorbate	CHEBI:113451
ECTO:9000147	exposure to thiamine	CHEBI:26948
ECTO:9000148	exposure to thiamine hydrochloride	CHEBI:49105
ECTO:9000149	exposure to riboflavin	CHEBI:17015
ECTO:9000150	exposure to reactive oxygen species	CHEBI:26523
ECTO:9000151	exposure to superoxide	CHEBI:18421
ECTO:9000152	exposure to singlet dioxygen	CHEBI:26689
ECTO:9000153	exposure to oxygen radical	CHEBI:61073
ECTO:9000154	exposure to amphetamine	CHEBI:2679
ECTO:9000155	exposure to lipid hydroperoxide	CHEBI:61051
ECTO:9000156	exposure to water	CHEBI:15377
ECTO:9000157	exposure to photon	CHEBI:30212
ECTO:9000158	exposure to ethene	CHEBI:18153
ECTO:9000159	exposure to 2-cis-abscisic acid	CHEBI:22152
ECTO:9000160	exposure to gibberellin	CHEBI:24250
ECTO:9000161	exposure to brassinosteroid	CHEBI:22921
ECTO:9000162	exposure to carbohydrate	CHEBI:16646
ECTO:9000163	exposure to sucrose	CHEBI:17992
ECTO:9000164	exposure to hexose	CHEBI:18133
ECTO:9000165	exposure to glucose	CHEBI:17234
ECTO:9000166	exposure to fructose	CHEBI:28757
ECTO:9000167	exposure to salicylic acid	CHEBI:16914
ECTO:9000168	exposure to jasmonic acid	CHEBI:18292
ECTO:9000169	exposure to 1-aminocyclopropanecarboxylic acid	CHEBI:18053
ECTO:0000135	exposure to organic compound	CHEBI:50860
ECTO:9000171	exposure to acetate	CHEBI:30089
ECTO:9000172	exposure to inorganic compound	CHEBI:24835
ECTO:9000173	exposure to boron	CHEBI:22916
ECTO:9000175	exposure to metal cation	CHEBI:25213
ECTO:9000176	exposure to iron cation	CHEBI:24875
ECTO:9000177	exposure to iron(2+)	CHEBI:29033
ECTO:9000178	exposure to iron(3+)	CHEBI:29034
ECTO:9000179	exposure to manganese cation	CHEBI:25155
ECTO:9000180	exposure to zinc cation	CHEBI:63056
ECTO:9000181	exposure to aluminium cation	CHEBI:63062
ECTO:9000182	exposure to nickel cation	CHEBI:25516
ECTO:9000183	exposure to chlorate	CHEBI:49709
ECTO:9000184	exposure to caesium	CHEBI:37128
ECTO:9000185	exposure to nitrate	CHEBI:17632
ECTO:9000187	exposure to chitin	CHEBI:17029
ECTO:9000188	exposure to lithium(1+)	CHEBI:49713
ECTO:9000189	exposure to proline	CHEBI:26271
ECTO:9000190	exposure to organonitrogen compound	CHEBI:35352
ECTO:9000191	exposure to thiamine(1+)	CHEBI:18385
ECTO:9000192	exposure to selenium ion	CHEBI:60250
ECTO:9000193	exposure to silver cation	CHEBI:60253
ECTO:9000194	exposure to lead cation	CHEBI:60252
ECTO:9000195	exposure to trehalose	CHEBI:27082
ECTO:9000196	exposure to sulfur dioxide	CHEBI:18422
ECTO:9000197	exposure to mannitol	CHEBI:29864
ECTO:0000163	exposure to organic cyclic compound	CHEBI:33832
ECTO:9000199	exposure to cycloalkane	CHEBI:23453
ECTO:9000200	exposure to isoquinoline alkaloid	CHEBI:24921
ECTO:9000201	exposure to tropane	CHEBI:35615
ECTO:9000202	exposure to purines	CHEBI:26401
ECTO:9000203	exposure to amine	CHEBI:32952
ECTO:9000204	exposure to fluoxetine	CHEBI:5118
ECTO:9000205	exposure to caffeine	CHEBI:27732
ECTO:9000206	exposure to brefeldin A	CHEBI:48080
ECTO:0000172	exposure to methotrexate	CHEBI:44185
ECTO:0000173	exposure to corticosteroid	CHEBI:50858
ECTO:9000209	exposure to cobalt cation	CHEBI:23336
ECTO:9000210	exposure to magnesium cation	CHEBI:39127
ECTO:9000211	exposure to rhamnose	CHEBI:26546
ECTO:9000212	exposure to estradiol	CHEBI:23965
ECTO:9000213	exposure to peptidoglycan	CHEBI:8005
ECTO:9000214	exposure to muramyl dipeptide	CHEBI:59414
ECTO:9000215	exposure to lipopolysaccharide	CHEBI:16412
ECTO:9000216	exposure to retinoic acid	CHEBI:26536
ECTO:9000217	exposure to progesterone	CHEBI:17026
ECTO:9000222	exposure to hydroperoxide	CHEBI:35923
ECTO:9000223	exposure to alkyl hydroperoxide	CHEBI:61050
ECTO:9000224	exposure to vitamin E	CHEBI:33234
ECTO:9000225	exposure to ATP	CHEBI:15422
ECTO:9000228	exposure to testosterone	CHEBI:17347
ECTO:9000229	exposure to cobalamin	CHEBI:30411
ECTO:9000231	exposure to hydroxyisoflavone	CHEBI:38755
ECTO:9000232	exposure to genistein	CHEBI:28088
ECTO:9000233	exposure to glucagon	CHEBI:5391
ECTO:0000200	exposure to lipid	CHEBI:18059
ECTO:9000236	exposure to triglyceride	CHEBI:17855
ECTO:9000238	exposure to oleate	CHEBI:30823
ECTO:9000239	exposure to monosaccharide	CHEBI:35381
ECTO:9000240	exposure to disaccharide	CHEBI:36233
ECTO:9000241	exposure to maltose	CHEBI:17306
ECTO:9000243	exposure to vitamin B6	CHEBI:27306
ECTO:9000244	exposure to prostaglandin	CHEBI:26333
ECTO:9000245	exposure to prostaglandins E	CHEBI:26338
ECTO:9000246	exposure to prostaglandins F	CHEBI:26340
ECTO:9000247	exposure to prostaglandins I	CHEBI:26345
ECTO:9000248	exposure to histamine	CHEBI:18295
ECTO:9000249	exposure to ecdysone	CHEBI:16688
ECTO:9000250	exposure to nicotine	CHEBI:18723
ECTO:9000251	exposure to stilbenoid	CHEBI:26776
ECTO:9000252	exposure to nitrogen dioxide	CHEBI:33101
ECTO:9000253	exposure to potassium(1+)	CHEBI:29103
ECTO:9000254	exposure to trichostatin A	CHEBI:46024
ECTO:9000255	exposure to amiloride	CHEBI:2639
ECTO:9000256	exposure to methylamine	CHEBI:16830
ECTO:9000257	exposure to methylphenidate	CHEBI:6887
ECTO:9000258	exposure to gemcitabine	CHEBI:175901
ECTO:9000259	exposure to statin	CHEBI:87631
ECTO:9000260	exposure to lapatinib	CHEBI:49603
ECTO:9000261	exposure to 5-fluorouracil	CHEBI:46345
ECTO:9000262	exposure to iloperidone	CHEBI:65173
ECTO:9000263	exposure to ximelagatran	CHEBI:65172
ECTO:9000264	exposure to sterol	CHEBI:15889
ECTO:9000265	exposure to cocaine	CHEBI:27958
ECTO:9000267	exposure to hydrogen peroxide	CHEBI:16240
ECTO:9000268	exposure to amino acid	CHEBI:33709
ECTO:9000269	exposure to leucine	CHEBI:25017
ECTO:9000270	exposure to morphine	CHEBI:17303
ECTO:9000271	exposure to alkaloid	CHEBI:22315
ECTO:9000272	exposure to double-stranded RNA	CHEBI:67208
ECTO:9000273	exposure to peptide hormone	CHEBI:25905
ECTO:9000274	exposure to corticotropin-releasing hormone	CHEBI:65311
ECTO:9000275	exposure to amylopectin	CHEBI:28057
ECTO:9000276	exposure to pullulan	CHEBI:27941
ECTO:9000278	exposure to ether	CHEBI:25698
ECTO:9000279	exposure to bacteriocin	CHEBI:48081
ECTO:9000280	exposure to streptomycin	CHEBI:17076
ECTO:9000281	exposure to DDT	CHEBI:16130
ECTO:9000282	exposure to carbamate	CHEBI:13941
ECTO:9000283	exposure to cyclodiene organochlorine insecticide	CHEBI:23457
ECTO:9000284	exposure to organophosphorus compound	CHEBI:25710
ECTO:9000286	exposure to cadmium cation	CHEBI:63063
ECTO:9000288	exposure to copper cation	CHEBI:23378
ECTO:9000289	exposure to mercury cation	CHEBI:25197
ECTO:9000290	exposure to tellurium ion	CHEBI:60271
ECTO:9000291	exposure to cycloheximide	CHEBI:27641
ECTO:0000258	exposure to steroid hormone	CHEBI:26764
ECTO:0000259	exposure to glucocorticoid	CHEBI:24261
ECTO:9000294	exposure to mineralocorticoid	CHEBI:25354
ECTO:9000296	exposure to cortisone	CHEBI:16962
ECTO:9000297	exposure to cortisol	CHEBI:17650
ECTO:9000298	exposure to 3',5'-cyclic AMP	CHEBI:17489
ECTO:9000299	exposure to calcium cation	CHEBI:39123
ECTO:9000301	exposure to methylglyoxal	CHEBI:17158
ECTO:9000302	exposure to methylmercury(1+)	CHEBI:49747
ECTO:9000303	exposure to lipoprotein	CHEBI:6495
ECTO:9000304	exposure to ammonium ion	CHEBI:35274
ECTO:9000305	exposure to 3',5'-cyclic GMP	CHEBI:16356
ECTO:9000306	exposure to lipoteichoic acid	CHEBI:28640
ECTO:9000307	exposure to platinum cation	CHEBI:63526
ECTO:9000308	exposure to fatty acid	CHEBI:35366
ECTO:9000309	exposure to linoleate	CHEBI:30245
ECTO:9000310	exposure to cholesterol	CHEBI:16113
ECTO:9000311	exposure to biotin	CHEBI:15956
ECTO:9000313	exposure to mycophenolate	CHEBI:62932
ECTO:9000314	exposure to dexamethasone	CHEBI:41879
ECTO:9000315	exposure to indole-3-methanol	CHEBI:24814
ECTO:9000316	exposure to nitric oxide	CHEBI:16480
ECTO:9000317	exposure to prostaglandins D	CHEBI:26337
ECTO:9000318	exposure to monoamine	CHEBI:63534
ECTO:9000319	exposure to catecholamine	CHEBI:33567
ECTO:9000320	exposure to adrenaline	CHEBI:33568
ECTO:9000321	exposure to noradrenaline	CHEBI:33569
ECTO:9000322	exposure to bismuth ion	CHEBI:85543
ECTO:9000323	exposure to methyl methanesulfonate	CHEBI:25255
ECTO:9000324	exposure to mercaptoethanol	CHEBI:41218
ECTO:9000325	exposure to sodium dodecyl sulfate	CHEBI:8984
ECTO:9000326	exposure to glucitol	CHEBI:30911
ECTO:9000327	exposure to hydroxyurea	CHEBI:44423
ECTO:9000328	exposure to thiabendazole	CHEBI:45979
ECTO:9000329	exposure to actinomycin D	CHEBI:27666
ECTO:9000330	exposure to cisplatin	CHEBI:27899
ECTO:9000331	exposure to 1,4-dithiothreitol	CHEBI:18320
ECTO:9000332	exposure to amitrole	CHEBI:40036
ECTO:9000333	exposure to 4-nitroquinoline N-oxide	CHEBI:16907
ECTO:9000334	exposure to CCCP	CHEBI:3259
ECTO:9000335	exposure to papulacandin B	CHEBI:569624
ECTO:9000336	exposure to staurosporine	CHEBI:15738
ECTO:9000337	exposure to tert-butyl hydroperoxide	CHEBI:64090
ECTO:9000338	exposure to 1,1'-azobis(N,N-dimethylformamide)	CHEBI:48958
ECTO:9000339	exposure to benzoic acid	CHEBI:30746
ECTO:9000340	exposure to indole-3-butyric acid	CHEBI:33070
ECTO:9000341	exposure to nitrite	CHEBI:16301
ECTO:9000342	exposure to histidine	CHEBI:27570
ECTO:9000343	exposure to phenylalanine	CHEBI:28044
ECTO:9000344	exposure to alpha,alpha-trehalose 6-phosphate(2-)	CHEBI:58429
ECTO:9000345	exposure to phenylpropanoid	CHEBI:26004
ECTO:9000346	exposure to L-thyroxine	CHEBI:18332
ECTO:9000347	exposure to azide anion	CHEBI:40910
ECTO:9000349	exposure to farnesol	CHEBI:28600
ECTO:9000350	exposure to N-acetyl-D-glucosamine	CHEBI:506227
ECTO:9000351	exposure to carboplatin	CHEBI:31355
ECTO:9000352	exposure to 5-fluoro-2'-deoxyuridine	CHEBI:60761
ECTO:9000353	exposure to cytarabine	CHEBI:28680
ECTO:9000354	exposure to olanzapine	CHEBI:7735
ECTO:9000355	exposure to perphenazine	CHEBI:8028
ECTO:9000356	exposure to quetiapine	CHEBI:8707
ECTO:9000357	exposure to risperidone	CHEBI:8871
ECTO:9000358	exposure to ziprasidone	CHEBI:10119
ECTO:9000359	exposure to clozapine	CHEBI:3766
ECTO:9000360	exposure to chloramphenicol	CHEBI:17698
ECTO:9000361	exposure to erythromycin	CHEBI:48923
ECTO:9000362	exposure to trichodermin	CHEBI:9688
ECTO:9000363	exposure to antimycin A	CHEBI:2762
ECTO:9000364	exposure to tetracycline	CHEBI:27902
ECTO:9000365	exposure to tacrolimus hydrate	CHEBI:61057
ECTO:9000366	exposure to cytochalasin B	CHEBI:23527
ECTO:9000367	exposure to leptomycin B	CHEBI:52646
ECTO:9000368	exposure to L-thialysine	CHEBI:497734
ECTO:9000369	exposure to L-canavanine	CHEBI:609827
ECTO:9000370	exposure to sirolimus	CHEBI:9168
ECTO:9000371	exposure to L-cysteine	CHEBI:17561
ECTO:9000372	exposure to glutathione	CHEBI:16856
ECTO:9000376	exposure to formic acid	CHEBI:30751
ECTO:9000377	exposure to furfural	CHEBI:34768
ECTO:9000378	exposure to propan-1-ol	CHEBI:28831
ECTO:9000379	exposure to decalin	CHEBI:38853
ECTO:9000380	exposure to diphenyl ether	CHEBI:39258
ECTO:9000381	exposure to tetralin	CHEBI:35008
ECTO:9000383	exposure to p-xylene	CHEBI:27417
ECTO:9000385	exposure to hypochlorite	CHEBI:29222
ECTO:9000386	exposure to raffinose	CHEBI:16634
ECTO:9000387	exposure to paracetamol	CHEBI:46195
ECTO:9000388	exposure to paclitaxel	CHEBI:45863
ECTO:9000389	exposure to candesartan	CHEBI:3347
ECTO:9000390	exposure to fenofibrate	CHEBI:5001
ECTO:9000391	exposure to metformin	CHEBI:6801
ECTO:9000392	exposure to ribavirin	CHEBI:63580
ECTO:9000393	exposure to purvalanol A	CHEBI:47600
ECTO:9000394	exposure to benomyl	CHEBI:3015
ECTO:9000395	exposure to paraquat	CHEBI:34905
ECTO:9000396	exposure to camptothecin	CHEBI:27656
ECTO:9000397	exposure to GW 7647	CHEBI:70778
ECTO:9000398	exposure to capsazepine	CHEBI:70773
ECTO:9000399	exposure to hesperadin	CHEBI:70726
ECTO:9000400	exposure to reversine	CHEBI:70723
ECTO:9000401	exposure to carbendazim	CHEBI:3392
ECTO:9000402	exposure to peptide	CHEBI:16670
ECTO:9000404	exposure to nitrogen	CHEBI:51143
ECTO:0000371	exposure to oxygen molecular entity	CHEBI:25806
ECTO:9000406	exposure to tamsulosin	CHEBI:9398
ECTO:9000407	exposure to ketamine	CHEBI:6121
ECTO:9000408	exposure to L-glutamate(2-)	CHEBI:29988
ECTO:9000409	exposure to salt	CHEBI:24866
ECTO:9000410	exposure to diethyl maleate	CHEBI:68508
ECTO:9000411	exposure to inositol	CHEBI:24848
ECTO:9000412	exposure to catechin	CHEBI:23053
ECTO:9000413	exposure to strigolactone	CHEBI:68487
ECTO:9000414	exposure to chloroquine	CHEBI:3638
ECTO:9000415	exposure to imidacloprid	CHEBI:5870
ECTO:9000416	exposure to vanadate(3-)	CHEBI:46442
ECTO:9000417	exposure to cyclophosphamide	CHEBI:4027
ECTO:9000418	exposure to docetaxel trihydrate	CHEBI:59809
ECTO:9000419	exposure to doxorubicin	CHEBI:28748
ECTO:9000420	exposure to etoposide	CHEBI:4911
ECTO:9000421	exposure to 4'-epidoxorubicin	CHEBI:47898
ECTO:9000422	exposure to N-phenylthiourea	CHEBI:46261
ECTO:9000423	exposure to fluoride	CHEBI:17051
ECTO:9000424	exposure to isobutanol	CHEBI:46645
ECTO:9000425	exposure to plumbagin	CHEBI:8273
ECTO:9000426	exposure to alkane	CHEBI:18310
ECTO:9000427	exposure to nonane	CHEBI:32892
ECTO:9000428	exposure to decane	CHEBI:41808
ECTO:9000429	exposure to undecane	CHEBI:46342
ECTO:9000430	exposure to dodecane	CHEBI:28817
ECTO:9000431	exposure to isooctane	CHEBI:62805
ECTO:9000432	exposure to 1-(3,5-dichloro-2,6-dihydroxy-4-methoxyphenyl)hexan-1-one	CHEBI:64598
ECTO:9000433	exposure to polycyclic arene	CHEBI:33848
ECTO:9000434	exposure to dopamine	CHEBI:18243
ECTO:9000435	exposure to bile acid	CHEBI:3098
ECTO:9000436	exposure to glycoside	CHEBI:24400
ECTO:9000437	exposure to lipoic acid	CHEBI:16494
ECTO:9000438	exposure to simvastatin	CHEBI:9150
ECTO:9000439	exposure to acetylsalicylate	CHEBI:13719
ECTO:9000440	exposure to clopidogrel	CHEBI:37941
ECTO:9000441	exposure to dehydroepiandrosterone	CHEBI:28689
ECTO:9000442	exposure to 11-deoxycorticosterone	CHEBI:16973
ECTO:9000443	exposure to butyrate	CHEBI:17968
ECTO:9000444	exposure to L-arginine	CHEBI:16467
ECTO:9000446	exposure to arsenite(3-)	CHEBI:29866
ECTO:9000447	exposure to arsenite ion	CHEBI:22633
ECTO:9000449	exposure to cyanide	CHEBI:17514
ECTO:9000450	exposure to sodium arsenite	CHEBI:29678
ECTO:9000451	exposure to acrylamide	CHEBI:28619
ECTO:9000452	exposure to latrunculin B	CHEBI:49703
ECTO:9000453	exposure to micafungin	CHEBI:600520
ECTO:9000454	exposure to monosodium glutamate	CHEBI:64220
ECTO:9000455	exposure to Aroclor 1254	CHEBI:63933
ECTO:9000456	exposure to serotonin	CHEBI:28790
ECTO:9000457	exposure to Thyroglobulin triiodothyronine	CHEBI:80690
ECTO:9000458	exposure to aldosterone	CHEBI:27584
ECTO:9000459	exposure to acadesine	CHEBI:28498
ECTO:9000460	exposure to vasopressin	CHEBI:9937
ECTO:9000461	exposure to Nonylphenol	CHEBI:79516
ECTO:9000462	exposure to desipramine	CHEBI:47781
ECTO:9000463	exposure to cordycepin	CHEBI:29014
ECTO:9000464	exposure to gold(3+)	CHEBI:49496
ECTO:9000465	exposure to methamphetamine hydrochloride	CHEBI:35340
ECTO:9000466	exposure to 2-O-acetyl-1-O-hexadecyl-sn-glycero-3-phosphocholine	CHEBI:44811
ECTO:9000467	exposure to forskolin	CHEBI:42471
ECTO:9000468	exposure to kainic acid	CHEBI:31746
ECTO:9000469	exposure to sodium phosphate	CHEBI:37586
ECTO:9000470	exposure to L-phenylalanine derivative	CHEBI:84144
ECTO:9000471	exposure to Thyroid stimulating hormone	CHEBI:81567
ECTO:9000472	exposure to nocodazole	CHEBI:34892
ECTO:9000474	exposure to D-galactosamine	CHEBI:28328
ECTO:9000475	exposure to L-dopa	CHEBI:15765
ECTO:9000476	exposure to tetrahydrofolate	CHEBI:67016
ECTO:9000477	exposure to 17alpha-ethynylestradiol	CHEBI:4903
ECTO:9000478	exposure to arachidonic acid	CHEBI:15843
ECTO:9000479	exposure to dextromethorphan	CHEBI:4470
ECTO:9000480	exposure to diphenidol	CHEBI:4638
ECTO:9000481	exposure to 1-oleoyl-sn-glycerol 3-phosphate	CHEBI:62837
ECTO:9000482	exposure to wortmannin	CHEBI:52289
ECTO:9000483	exposure to tunicamycin	CHEBI:29699
ECTO:9000484	exposure to thapsigargin	CHEBI:9516
ECTO:9000485	exposure to polyamine macromolecule	CHEBI:51349
ECTO:9000486	exposure to putrescine	CHEBI:17148
ECTO:9000487	exposure to glycoprotein	CHEBI:17089
ECTO:9000488	exposure to monosodium L-glutamate	CHEBI:64243
ECTO:9000489	exposure to 3,3',4,4',5-pentachlorobiphenyl	CHEBI:34317
ECTO:9000490	exposure to 2,3,7,8-tetrachlorodibenzodioxine	CHEBI:28119
ECTO:9000491	exposure to biphenyl	CHEBI:17097
ECTO:9000492	exposure to dimethyl sulfoxide	CHEBI:28262
ECTO:9000493	exposure to phorbol 13-acetate 12-myristate	CHEBI:37537
ECTO:9000494	exposure to diterpene	CHEBI:35190
ECTO:9000495	exposure to glucoside	CHEBI:24278
ECTO:9000496	exposure to ionomycin	CHEBI:63954
ECTO:9000497	exposure to resveratrol	CHEBI:27881
ECTO:9000498	exposure to methionine	CHEBI:16811
ECTO:9000499	exposure to dinitrophenol	CHEBI:39352
ECTO:9000500	exposure to curcumin	CHEBI:3962
ECTO:9000501	exposure to beta-amyloid	CHEBI:64645
ECTO:9000502	exposure to rotenone	CHEBI:28201
ECTO:9000503	exposure to 3-methylcholanthrene	CHEBI:34342
ECTO:9000505	exposure to latrunculin A	CHEBI:69136
ECTO:9000507	exposure to L-glutamine	CHEBI:18050
ECTO:9000508	exposure to hydrogen sulfide	CHEBI:16136
ECTO:9000509	exposure to palmitoleic acid	CHEBI:28716
ECTO:9000510	exposure to bleomycin	CHEBI:22907
ECTO:9000511	exposure to diosgenin	CHEBI:4629
ECTO:9000512	exposure to haloperidol	CHEBI:5613
ECTO:9000513	exposure to acetylcholine	CHEBI:15355
ECTO:9000514	exposure to temozolomide	CHEBI:72564
ECTO:0000481	exposure to transition element	CHEBI:33497
ECTO:9000516	exposure to gold	CHEBI:33969
ECTO:9000517	exposure to angiotensin	CHEBI:48433
ECTO:9000518	exposure to double-stranded DNA	CHEBI:4705
ECTO:9000519	exposure to dioxygen	CHEBI:15379
ECTO:0001108	exposure to aflatoxin	CHEBI:22271
ECTO:9000521	exposure to atrazine	CHEBI:15930
ECTO:9000522	exposure to phthalate	CHEBI:26092
ECTO:9000524	exposure to chlorobenzene	CHEBI:28097
ECTO:9000527	exposure to nitrobenzene	CHEBI:27798
ECTO:9000530	exposure to trichloroethene	CHEBI:16602
ECTO:9000531	exposure to o-xylene	CHEBI:28063
ECTO:9000532	exposure to thiocyanate	CHEBI:18022
ECTO:9000533	exposure to organofluorine compound	CHEBI:37143
ECTO:9000534	exposure to organoarsenic compound	CHEBI:33406
ECTO:0001152	exposure to organochlorine compound	CHEBI:36683
ECTO:9000537	exposure to ciprofloxacin	CHEBI:100241
ECTO:9000538	exposure to norfloxacin	CHEBI:100246
ECTO:9000539	exposure to thiopental	CHEBI:102166
ECTO:9000540	exposure to sulfamethazine	CHEBI:102265
ECTO:9000541	exposure to 1-(3-chlorophenyl)piperazine	CHEBI:10588
ECTO:9000542	exposure to metoclopramide	CHEBI:107736
ECTO:9000543	exposure to 2-hydroxybenzothiazole	CHEBI:115196
ECTO:9000544	exposure to diuron	CHEBI:116509
ECTO:9000545	exposure to atomoxetine	CHEBI:127342
ECTO:9000546	exposure to sulfapyridine	CHEBI:132842
ECTO:9000547	exposure to 3,3',4,4'-tetrachlorobiphenyl	CHEBI:1367
ECTO:9000548	exposure to (-)-ephedrine	CHEBI:15407
ECTO:9000549	exposure to cyclohexylsulfamic acid	CHEBI:15964
ECTO:9000550	exposure to aminophenazone	CHEBI:160246
ECTO:9000551	exposure to pyridine	CHEBI:16227
ECTO:9000552	exposure to naphthalene	CHEBI:16482
ECTO:9000553	exposure to chlordecone	CHEBI:16548
ECTO:9000554	exposure to DDE	CHEBI:16598
ECTO:9000555	exposure to benzo[d]isothiazol-3-one	CHEBI:167099
ECTO:9000556	exposure to codeine	CHEBI:16714
ECTO:9000557	exposure to mycophenolic acid	CHEBI:168396
ECTO:9000558	exposure to biphenyl-2-ol	CHEBI:17043
ECTO:9000559	exposure to 3,5-dibromo-4-hydroxybenzonitrile	CHEBI:17192
ECTO:9000560	exposure to tylosin	CHEBI:17658
ECTO:9000561	exposure to propachlor	CHEBI:19503
ECTO:9000562	exposure to ametryn	CHEBI:22472
ECTO:9000563	exposure to acetochlor	CHEBI:2394
ECTO:9000564	exposure to alachlor	CHEBI:2533
ECTO:9000565	exposure to albuterol	CHEBI:2549
ECTO:9000566	exposure to aldrin	CHEBI:2564
ECTO:9000567	exposure to prometryn	CHEBI:26276
ECTO:9000568	exposure to amitraz	CHEBI:2665
ECTO:9000569	exposure to amitriptyline	CHEBI:2666
ECTO:9000570	exposure to 1-chloro-2,2-bis(4'-chlorophenyl)ethylene	CHEBI:27454
ECTO:9000571	exposure to simazine	CHEBI:27496
ECTO:9000572	exposure to 4-aminobenzenesulfonic acid	CHEBI:27500
ECTO:9000573	exposure to erythromycin B	CHEBI:28196
ECTO:9000574	exposure to erythromycin E	CHEBI:28239
ECTO:9000575	exposure to erythromycin D	CHEBI:28331
ECTO:9000576	exposure to beta-hexachlorocyclohexane	CHEBI:28428
ECTO:9000577	exposure to reserpine	CHEBI:28487
ECTO:9000578	exposure to aspartame	CHEBI:2877
ECTO:9000579	exposure to phenanthrene	CHEBI:28851
ECTO:9000580	exposure to 2,4-D	CHEBI:28854
ECTO:9000581	exposure to atenolol	CHEBI:2904
ECTO:9000582	exposure to atorvastatin calcium trihydrate	CHEBI:2911
ECTO:9000583	exposure to azithromycin	CHEBI:2955
ECTO:9000584	exposure to kresoxim-methyl	CHEBI:2962
ECTO:9000585	exposure to bentazone	CHEBI:3018
ECTO:9000586	exposure to terbutylazine	CHEBI:30263
ECTO:9000587	exposure to simeton	CHEBI:30264
ECTO:9000588	exposure to naphthalene-2,7-disulfonic acid	CHEBI:30898
ECTO:9000589	exposure to bicalutamide	CHEBI:3090
ECTO:9000590	exposure to antipyrine	CHEBI:31225
ECTO:9000591	exposure to esatenolol	CHEBI:31556
ECTO:9000592	exposure to iobitridol	CHEBI:31701
ECTO:9000593	exposure to iohexol	CHEBI:31709
ECTO:9000594	exposure to iomeprol	CHEBI:31710
ECTO:9000595	exposure to iopamidol	CHEBI:31711
ECTO:9000596	exposure to bromacil	CHEBI:3177
ECTO:9000597	exposure to saccharin	CHEBI:32111
ECTO:9000598	exposure to sucralose	CHEBI:32159
ECTO:9000599	exposure to sulfadimethoxine	CHEBI:32161
ECTO:9000600	exposure to bupropion	CHEBI:3219
ECTO:9000601	exposure to gamma-hexachlorocyclohexane	CHEBI:32888
ECTO:9000602	exposure to 2-nitrotoluene	CHEBI:33098
ECTO:9000603	exposure to carbamazepine	CHEBI:3387
ECTO:9000604	exposure to carbetamide	CHEBI:3394
ECTO:9000605	exposure to 1-nitronaphthalene	CHEBI:34104
ECTO:9000606	exposure to 2,2',3,3',5,5'-hexachlorobiphenyl	CHEBI:34197
ECTO:9000607	exposure to 2,2',3,3',6,6'-hexachlorobiphenyl	CHEBI:34199
ECTO:9000608	exposure to 2,2',4,4',5,5'-hexachlorobiphenyl	CHEBI:34202
ECTO:9000609	exposure to 2,2',4,4',6,6'-hexachlorobiphenyl	CHEBI:34203
ECTO:9000610	exposure to 2,2',4,4'-tetrachlorobiphenyl	CHEBI:34204
ECTO:9000611	exposure to 2,2',4,5-tetrachlorobiphenyl	CHEBI:34205
ECTO:9000612	exposure to 2,2',5,5'-tetrachlorobiphenyl	CHEBI:34206
ECTO:9000613	exposure to 2,3',5-trichlorobiphenyl	CHEBI:34215
ECTO:9000614	exposure to 2,3,3',4,5-pentachlorobiphenyl	CHEBI:34216
ECTO:9000615	exposure to 2,3,4,4'-tetrachlorobiphenyl	CHEBI:34218
ECTO:9000616	exposure to 2,3,4,5,6-pentachlorobiphenyl	CHEBI:34219
ECTO:9000617	exposure to 2,3,4,5-tetrachlorobiphenyl	CHEBI:34221
ECTO:9000618	exposure to 2,3,4-trichlorobiphenyl	CHEBI:34222
ECTO:9000619	exposure to 2,3,5,6-tetrachlorobiphenyl	CHEBI:34224
ECTO:9000620	exposure to 2,3,6-trichlorobiphenyl	CHEBI:34225
ECTO:9000621	exposure to 2,4'-dichlorobiphenyl	CHEBI:34232
ECTO:9000622	exposure to 2,4,4',6-tetrachlorobiphenyl	CHEBI:34233
ECTO:9000623	exposure to 2,5-dichlorobiphenyl	CHEBI:34246
ECTO:9000624	exposure to 2,6-dichlorobiphenyl	CHEBI:34249
ECTO:9000625	exposure to 2,6-dimethylnaphthalene	CHEBI:34251
ECTO:9000626	exposure to oxybenzone	CHEBI:34283
ECTO:9000627	exposure to fenobucarb	CHEBI:34304
ECTO:9000628	exposure to 3,5-dichlorobiphenyl	CHEBI:34326
ECTO:9000629	exposure to 4,4'-dichlorobiphenyl	CHEBI:34364
ECTO:9000630	exposure to 4-nonylphenol	CHEBI:34440
ECTO:9000631	exposure to bromodichloromethane	CHEBI:34591
ECTO:9000632	exposure to chlordane	CHEBI:34623
ECTO:9000633	exposure to chlorpyrifos	CHEBI:34631
ECTO:9000634	exposure to chlorpyrifos-methyl	CHEBI:34632
ECTO:9000635	exposure to decachlorobiphenyl	CHEBI:34666
ECTO:9000636	exposure to diazinon	CHEBI:34682
ECTO:9000637	exposure to dibutyl phthalate	CHEBI:34687
ECTO:9000638	exposure to dimethoate	CHEBI:34714
ECTO:9000639	exposure to dinoseb	CHEBI:34719
ECTO:9000640	exposure to heptachlor	CHEBI:34785
ECTO:9000641	exposure to metribuzin	CHEBI:34846
ECTO:9000642	exposure to mirex	CHEBI:34852
ECTO:9000643	exposure to prometon	CHEBI:34934
ECTO:9000644	exposure to trifluralin	CHEBI:35027
ECTO:9000645	exposure to tris(2-butoxyethyl) phosphate	CHEBI:35038
ECTO:9000646	exposure to 3,3',5,5'-tetrachlorobiphenyl	CHEBI:35445
ECTO:9000647	exposure to perfluorodecanoic acid	CHEBI:35546
ECTO:9000648	exposure to perfluoroheptanoic acid	CHEBI:35547
ECTO:9000650	exposure to cetirizine	CHEBI:3561
ECTO:9000651	exposure to dichlorobiphenyl	CHEBI:36718
ECTO:9000652	exposure to trichlorobiphenyl	CHEBI:36719
ECTO:9000653	exposure to tetrachlorobiphenyl	CHEBI:36720
ECTO:9000654	exposure to pentachlorobiphenyl	CHEBI:36721
ECTO:9000655	exposure to hexachlorobiphenyl	CHEBI:36722
ECTO:9000656	exposure to (S)-bupropion	CHEBI:36793
ECTO:9000657	exposure to (R)-bupropion	CHEBI:36794
ECTO:9000658	exposure to (trifluoromethyl)benzene	CHEBI:36810
ECTO:9000659	exposure to cilastatin	CHEBI:3697
ECTO:9000660	exposure to citalopram	CHEBI:3723
ECTO:9000661	exposure to clarithromycin	CHEBI:3732
ECTO:9000662	exposure to clindamycin	CHEBI:3745
ECTO:9000663	exposure to clomazone	CHEBI:3751
ECTO:9000664	exposure to clotrimazole	CHEBI:3764
ECTO:9000665	exposure to propazine	CHEBI:38067
ECTO:9000666	exposure to cyanazine	CHEBI:38069
ECTO:9000667	exposure to monuron	CHEBI:38214
ECTO:9000668	exposure to mesotrione	CHEBI:38321
ECTO:9000669	exposure to perfluorononanoic acid	CHEBI:38397
ECTO:9000670	exposure to methoxyfenozide	CHEBI:38449
ECTO:9000671	exposure to tebufenozide	CHEBI:38452
ECTO:9000672	exposure to methiocarb	CHEBI:38508
ECTO:9000673	exposure to rosuvastatin	CHEBI:38545
ECTO:9000674	exposure to ethion	CHEBI:38663
ECTO:9000675	exposure to parathion-methyl	CHEBI:38746
ECTO:9000676	exposure to pirimiphos-methyl	CHEBI:38843
ECTO:9000677	exposure to cis-chlordane	CHEBI:39068
ECTO:9000678	exposure to trans-chlordane	CHEBI:39069
ECTO:9000679	exposure to alpha-hexachlorocyclohexane	CHEBI:39096
ECTO:9000680	exposure to acetamiprid	CHEBI:39163
ECTO:9000681	exposure to (E)-acetamiprid	CHEBI:39164
ECTO:9000682	exposure to (Z)-acetamiprid	CHEBI:39165
ECTO:9000683	exposure to (E)-imidacloprid	CHEBI:39168
ECTO:9000684	exposure to (Z)-imidacloprid	CHEBI:39169
ECTO:9000685	exposure to thiacloprid	CHEBI:39175
ECTO:9000686	exposure to (Z)-thiacloprid	CHEBI:39176
ECTO:9000687	exposure to (E)-clothianidin	CHEBI:39177
ECTO:9000688	exposure to clothianidin	CHEBI:39178
ECTO:9000689	exposure to thiamethoxam	CHEBI:39185
ECTO:9000690	exposure to (E)-thiamethoxam	CHEBI:39186
ECTO:9000691	exposure to flonicamid	CHEBI:39291
ECTO:9000692	exposure to pymetrozine	CHEBI:39311
ECTO:9000693	exposure to teflubenzuron	CHEBI:39387
ECTO:9000695	exposure to perfluorobutyric acid	CHEBI:39426
ECTO:9000696	exposure to atorvastatin	CHEBI:39548
ECTO:9000697	exposure to metsulfuron methyl	CHEBI:39678
ECTO:9000698	exposure to sitagliptin	CHEBI:40237
ECTO:9000699	exposure to cyprodinil	CHEBI:4045
ECTO:9000700	exposure to azoxystrobin	CHEBI:40909
ECTO:9000701	exposure to decylamine-N,N-dimethyl-N-oxide	CHEBI:41899
ECTO:9000702	exposure to erythromycin A	CHEBI:42355
ECTO:9000703	exposure to (R)-amphetamine	CHEBI:42724
ECTO:9000704	exposure to gabapentin	CHEBI:42797
ECTO:9000705	exposure to dexibuprofen	CHEBI:43415
ECTO:9000706	exposure to terbutryn	CHEBI:44156
ECTO:9000707	exposure to naphthalene-2-sulfonic acid	CHEBI:44229
ECTO:9000708	exposure to (S)-amphetamine	CHEBI:4469
ECTO:9000709	exposure to ritonavir	CHEBI:45409
ECTO:9000710	exposure to trimethoprim	CHEBI:45924
ECTO:9000711	exposure to benzothiazole	CHEBI:45993
ECTO:9000712	exposure to fluconazole	CHEBI:46081
ECTO:9000713	exposure to diglyme	CHEBI:46784
ECTO:9000714	exposure to pentachlorobenzene	CHEBI:47136
ECTO:9000715	exposure to diclofenac	CHEBI:47381
ECTO:9000716	exposure to furosemide	CHEBI:47426
ECTO:9000717	exposure to bezafibrate	CHEBI:47612
ECTO:9000718	exposure to 2,4,6-tribromophenol	CHEBI:47696
ECTO:9000719	exposure to levibuprofen	CHEBI:47835
ECTO:9000720	exposure to endosulfan	CHEBI:4791
ECTO:9000721	exposure to epoxiconazole	CHEBI:4811
ECTO:9000722	exposure to eprosartan	CHEBI:4814
ECTO:9000723	exposure to trichlorofluoromethane	CHEBI:48236
ECTO:9000724	exposure to triclocarban	CHEBI:48347
ECTO:9000725	exposure to ethambutol	CHEBI:4877
ECTO:9000726	exposure to (E)-roxithromycin	CHEBI:48935
ECTO:9000727	exposure to exemestane	CHEBI:4953
ECTO:9000728	exposure to diazepam	CHEBI:49575
ECTO:9000729	exposure to indometacin	CHEBI:49662
ECTO:9000730	exposure to fenoxycarb	CHEBI:5009
ECTO:9000731	exposure to (4-chloro-2-methylphenoxy)acetic acid	CHEBI:50099
ECTO:9000732	exposure to fenpropimorph	CHEBI:50145
ECTO:9000733	exposure to fipronil	CHEBI:5063
ECTO:9000734	exposure to dronedarone	CHEBI:50659
ECTO:9000735	exposure to acamprosate	CHEBI:51041
ECTO:9000737	exposure to chloromethylisothiazolinone	CHEBI:53621
ECTO:9000738	exposure to amidotrizoic acid	CHEBI:53691
ECTO:9000739	exposure to (R)-atenolol	CHEBI:55352
ECTO:9000740	exposure to hexachlorobenzene	CHEBI:5692
ECTO:9000741	exposure to hydrochlorothiazide	CHEBI:5778
ECTO:9000742	exposure to (R)-ketamine	CHEBI:580604
ECTO:9000743	exposure to ibuprofen	CHEBI:5855
ECTO:9000744	exposure to ifosfamide	CHEBI:5864
ECTO:9000745	exposure to mephedrone	CHEBI:59331
ECTO:9000746	exposure to irbesartan	CHEBI:5959
ECTO:9000747	exposure to irgarol 1051	CHEBI:5962
ECTO:9000748	exposure to isoprothiolane	CHEBI:6047
ECTO:9000749	exposure to isoproturon	CHEBI:6049
ECTO:9000750	exposure to esketamine	CHEBI:60799
ECTO:9000751	exposure to ketoprofen	CHEBI:6128
ECTO:9000752	exposure to iopromide	CHEBI:63578
ECTO:9000753	exposure to pravastatin	CHEBI:63618
ECTO:9000754	exposure to sotalol	CHEBI:63622
ECTO:9000755	exposure to lamotrigine	CHEBI:6367
ECTO:9000756	exposure to amisulpride	CHEBI:64045
ECTO:9000757	exposure to lenacil	CHEBI:6407
ECTO:9000758	exposure to erythromycin C	CHEBI:64273
ECTO:9000759	exposure to levamisole	CHEBI:6432
ECTO:9000760	exposure to levetiracetam	CHEBI:6437
ECTO:9000761	exposure to lidocaine	CHEBI:6456
ECTO:9000762	exposure to linuron	CHEBI:6482
ECTO:9000763	exposure to mefenamic acid	CHEBI:6717
ECTO:9000764	exposure to metalaxyl	CHEBI:6790
ECTO:9000765	exposure to metamitron	CHEBI:6791
ECTO:9000766	exposure to metazachlor	CHEBI:6798
ECTO:9000767	exposure to metformin hydrochloride	CHEBI:6802
ECTO:9000768	exposure to methadone	CHEBI:6807
ECTO:9000769	exposure to methamphetamine	CHEBI:6809
ECTO:9000770	exposure to methomyl	CHEBI:6835
ECTO:9000771	exposure to 6alpha-methylprednisolone	CHEBI:6888
ECTO:9000772	exposure to metolachlor	CHEBI:6902
ECTO:9000773	exposure to metoprolol	CHEBI:6904
ECTO:9000774	exposure to metronidazole	CHEBI:6909
ECTO:9000775	exposure to microcystin-LR	CHEBI:6925
ECTO:9000777	exposure to malachite green	CHEBI:72449
ECTO:9000778	exposure to naltrexone	CHEBI:7465
ECTO:9000779	exposure to naproxen	CHEBI:7476
ECTO:9000780	exposure to myclobutanil	CHEBI:75281
ECTO:9000781	exposure to benzotriazole	CHEBI:75331
ECTO:9000782	exposure to dichlorprop	CHEBI:75375
ECTO:9000783	exposure to nicosulfuron	CHEBI:7554
ECTO:9000784	exposure to mecoprop	CHEBI:75711
ECTO:9000785	exposure to triphenylmethane	CHEBI:76212
ECTO:9000786	exposure to N-nitrosopiperidine	CHEBI:76324
ECTO:9000787	exposure to 6-phenyl-2,3,5,6-tetrahydroimidazo[2,1-b][1,3]thiazole	CHEBI:77278
ECTO:9000788	exposure to dexamisole	CHEBI:77282
ECTO:9000789	exposure to orbencarb	CHEBI:7778
ECTO:9000790	exposure to toxaphene	CHEBI:77850
ECTO:9000791	exposure to oseltamivir	CHEBI:7798
ECTO:9000792	exposure to oxazepam	CHEBI:7823
ECTO:9000793	exposure to cumene hydroperoxide	CHEBI:78673
ECTO:9000794	exposure to pyraclostrobin	CHEBI:78780
ECTO:9000795	exposure to pantoprazole	CHEBI:7915
ECTO:9000796	exposure to 3,4,4',5-Tetrachlorobiphenyl	CHEBI:81516
ECTO:9000797	exposure to 3,4,5,3',4',5'-Hexachlorobiphenyl	CHEBI:81517
ECTO:9000798	exposure to 2,3,4,3',4'-Pentachlorobiphenyl	CHEBI:81518
ECTO:9000799	exposure to 2,3,4,4',5-Pentachlorobiphenyl	CHEBI:81519
ECTO:9000800	exposure to 2,3',4,4',5-Pentachlorobiphenyl	CHEBI:81520
ECTO:9000801	exposure to 2,3',4,4',5'-Pentachlorobiphenyl	CHEBI:81521
ECTO:9000802	exposure to 2,3,3',4,4',5-Hexachlorobiphenyl	CHEBI:81522
ECTO:9000803	exposure to 2,3,3',4,4',5'-Hexachlorobiphenyl	CHEBI:81523
ECTO:9000804	exposure to 2,3',4,4',5,5'-Hexachlorobiphenyl	CHEBI:81524
ECTO:9000805	exposure to 2,3,3',4,4',5,5'-Heptachlorobiphenyl	CHEBI:81525
ECTO:9000806	exposure to asulam	CHEBI:81696
ECTO:9000807	exposure to desmedipham	CHEBI:81733
ECTO:9000808	exposure to phenmedipham	CHEBI:81734
ECTO:9000809	exposure to cyproconazole	CHEBI:81758
ECTO:9000810	exposure to difenoconazole	CHEBI:81760
ECTO:9000811	exposure to tebuconazole	CHEBI:81781
ECTO:9000812	exposure to cymoxanil	CHEBI:81788
ECTO:9000813	exposure to dimethenamid	CHEBI:81789
ECTO:9000814	exposure to fluazifop	CHEBI:81805
ECTO:9000815	exposure to 2-methyl-4-chlorophenoxybutyric acid	CHEBI:81806
ECTO:9000816	exposure to trinexapac-ethyl	CHEBI:81817
ECTO:9000817	exposure to ioxynil	CHEBI:81821
ECTO:9000818	exposure to boscalid	CHEBI:81822
ECTO:9000819	exposure to diflufenican	CHEBI:81824
ECTO:9000820	exposure to chloridazon	CHEBI:81838
ECTO:9000821	exposure to fluazinam	CHEBI:81843
ECTO:9000822	exposure to dimethomorph	CHEBI:81848
ECTO:9000823	exposure to dicamba	CHEBI:81856
ECTO:9000824	exposure to imazamox	CHEBI:81857
ECTO:9000825	exposure to dimethachlor	CHEBI:81911
ECTO:9000826	exposure to fenpropidin	CHEBI:81917
ECTO:9000827	exposure to flufenacet	CHEBI:81920
ECTO:9000828	exposure to flusilazole	CHEBI:81922
ECTO:9000829	exposure to octhilinone	CHEBI:81936
ECTO:9000830	exposure to prosulfocarb	CHEBI:81941
ECTO:9000831	exposure to sulfluramid	CHEBI:81945
ECTO:9000832	exposure to terbumeton	CHEBI:81947
ECTO:9000833	exposure to chlorotoluron	CHEBI:81981
ECTO:9000834	exposure to ethofumesate	CHEBI:81990
ECTO:9000835	exposure to fluroxypyr	CHEBI:82017
ECTO:9000836	exposure to iprovalicarb	CHEBI:82023
ECTO:9000837	exposure to napropamide	CHEBI:82025
ECTO:9000838	exposure to propamocarb	CHEBI:82033
ECTO:9000839	exposure to propaquizafop	CHEBI:82034
ECTO:9000840	exposure to tebutam	CHEBI:82043
ECTO:9000841	exposure to atraton	CHEBI:82220
ECTO:9000842	exposure to secbumeton	CHEBI:82228
ECTO:9000843	exposure to pirimicarb	CHEBI:8248
ECTO:9000844	exposure to 3-iodoprop-2-yn-1-yl butylcarbamate	CHEBI:83279
ECTO:9000845	exposure to thifensulfuron-methyl	CHEBI:83453
ECTO:9000846	exposure to 5-methyl-1H-benzotriazole	CHEBI:83455
ECTO:9000847	exposure to sulcotrione	CHEBI:83465
ECTO:9000848	exposure to perfluoropentanoic acid	CHEBI:83491
ECTO:9000849	exposure to perfluorohexanoic acid	CHEBI:83492
ECTO:9000850	exposure to perfluoroundecanoic acid	CHEBI:83493
ECTO:9000851	exposure to 6:2 fluorotelomer unsaturated carboxylic acid	CHEBI:83494
ECTO:9000852	exposure to 8:2 fluorotelomer unsaturated carboxylic acid	CHEBI:83495
ECTO:9000853	exposure to climbazole	CHEBI:83499
ECTO:9000854	exposure to tritosulfuron	CHEBI:83500
ECTO:9000855	exposure to acesulfame	CHEBI:83501
ECTO:9000856	exposure to foramsulfuron	CHEBI:83502
ECTO:9000857	exposure to neotame	CHEBI:83503
ECTO:9000858	exposure to perfluorooctane sulfonamidoacetic acid	CHEBI:83505
ECTO:9000859	exposure to N-methylperfluorooctane sulfonamidoacetic acid	CHEBI:83506
ECTO:9000860	exposure to N-ethylperfluorooctane sulfonamidoacetic acid	CHEBI:83507
ECTO:9000861	exposure to perfluorooctyl phosphate	CHEBI:83508
ECTO:9000862	exposure to iooxitalamic acid	CHEBI:83517
ECTO:9000863	exposure to 4,5-dichloro-2-n-octyl-3(2H)-isothiazolone	CHEBI:83518
ECTO:9000864	exposure to sebuthylazine	CHEBI:83521
ECTO:9000865	exposure to pethoxamide	CHEBI:83523
ECTO:9000866	exposure to pinoxaden	CHEBI:83524
ECTO:9000867	exposure to moclobemide	CHEBI:83531
ECTO:9000868	exposure to neohesperidin dihydrochalcone	CHEBI:83535
ECTO:9000869	exposure to 1-(3-(trifluoromethyl)phenyl)piperazine	CHEBI:83536
ECTO:9000870	exposure to 1-benzylpiperazine	CHEBI:83537
ECTO:9000871	exposure to bisperfluorooctyl phosphate	CHEBI:83539
ECTO:9000872	exposure to bisperfluorodecyl phosphate	CHEBI:83540
ECTO:9000873	exposure to perfluorodecyl phosphate	CHEBI:83541
ECTO:9000874	exposure to pendimethalin	CHEBI:83569
ECTO:9000875	exposure to prednisolone	CHEBI:8378
ECTO:9000876	exposure to primidone	CHEBI:8412
ECTO:9000877	exposure to quinmerac	CHEBI:84199
ECTO:9000878	exposure to prochloraz	CHEBI:8434
ECTO:9000879	exposure to propiconazole	CHEBI:8489
ECTO:9000880	exposure to propranolol	CHEBI:8499
ECTO:9000881	exposure to flumequine	CHEBI:85267
ECTO:9000882	exposure to heptachlorobiphenyl	CHEBI:85782
ECTO:9000883	exposure to pyrimethanil	CHEBI:8674
ECTO:9000884	exposure to acid red 4	CHEBI:87094
ECTO:9000885	exposure to (R)-(+)-propranolol	CHEBI:8736
ECTO:9000886	exposure to (R)-salbutamol	CHEBI:8746
ECTO:9000887	exposure to ranitidine	CHEBI:8776
ECTO:9000888	exposure to brilliant green	CHEBI:88173
ECTO:9000889	exposure to brilliant green cation	CHEBI:88176
ECTO:9000890	exposure to Sirius red 4B	CHEBI:88191
ECTO:9000891	exposure to rimsulfuron	CHEBI:8866
ECTO:9000892	exposure to perfluorododecanoic acid	CHEBI:90633
ECTO:9000893	exposure to spironolactone	CHEBI:9241
ECTO:9000894	exposure to spiroxamine	CHEBI:9242
ECTO:9000895	exposure to sulfadiazine	CHEBI:9328
ECTO:9000896	exposure to sulfamethoxazole	CHEBI:9332
ECTO:9000897	exposure to sulfathiazole	CHEBI:9337
ECTO:9000898	exposure to 2,6-dichlorobenzonitrile	CHEBI:943
ECTO:9000899	exposure to telmisartan	CHEBI:9434
ECTO:9000900	exposure to tramadol	CHEBI:9648
ECTO:9000901	exposure to trichlopyr	CHEBI:9682
ECTO:9000902	exposure to trimipramine	CHEBI:9738
ECTO:9000903	exposure to valsartan	CHEBI:9927
ECTO:9000904	exposure to venlafaxine	CHEBI:9943
ECTO:9000906	exposure to phthalate ester	CHEBI:35484
ECTO:9000907	exposure to Heptachlor epoxide	CHEBI:34786
ECTO:9000908	exposure to metallic antimony	CHEBI:30304
ECTO:9000909	exposure to elemental thallium	CHEBI:37113
ECTO:9000911	exposure to fluorene	CHEBI:28266
ECTO:9000912	exposure to 1,1,1-trichloroethane	CHEBI:36015
ECTO:9000913	exposure to 1,1,2,2-tetrachloroethane	CHEBI:36026
ECTO:9000914	exposure to 1,1,2-trichloroethane	CHEBI:36018
ECTO:9000915	exposure to 1,1-Dichloroethane	CHEBI:81599
ECTO:9000916	exposure to 1,1-dichloroethene	CHEBI:34031
ECTO:9000917	exposure to 1,2-Dibromo-3-chloropropane	CHEBI:34044
ECTO:9000918	exposure to 1,2-dichlorobenzene	CHEBI:35290
ECTO:9000919	exposure to cis-1,2-dichloroethene	CHEBI:28805
ECTO:9000920	exposure to trans-1,2-dichloroethene	CHEBI:29027
ECTO:9000921	exposure to 1,2-Dichloropropane	CHEBI:82163
ECTO:9000922	exposure to 2,5-Dimethylfuran	CHEBI:89052
ECTO:9000923	exposure to dibromomethane	CHEBI:47077
ECTO:9000924	exposure to hexachloroethane	CHEBI:39227
ECTO:9000925	exposure to 2,2',4,4'-Tetrabromodiphenyl ether	CHEBI:81584
ECTO:9000926	exposure to 2,2',4,4',5-Pentabromodiphenyl ether	CHEBI:81582
ECTO:9000927	exposure to 2,2',4,4',5,5'-Hexabromodiphenyl ether	CHEBI:81534
ECTO:9000928	exposure to 2,2',4,4',5,6'-Hexabromodiphenyl ether	CHEBI:81535
ECTO:9000929	exposure to 2,2',3,4,4',5',6-Heptabromodiphenyl ether	CHEBI:81537
ECTO:9000930	exposure to paraben	CHEBI:85122
ECTO:9000931	exposure to perchlorate	CHEBI:49706
ECTO:9000932	exposure to daidzein	CHEBI:28197
ECTO:9000933	exposure to Enterodiol	CHEBI:81556
ECTO:9000934	exposure to Enterolactone	CHEBI:81555
ECTO:9000935	exposure to equol	CHEBI:34741
ECTO:9000936	exposure to O-Desmethylangolensin	CHEBI:88902
ECTO:9000937	exposure to Arsenobetaine	CHEBI:82392
ECTO:9000938	exposure to dimethylarsinic acid	CHEBI:48765
ECTO:9000939	exposure to antimony	CHEBI:36919
ECTO:9000940	exposure to barium	CHEBI:37133
ECTO:9000941	exposure to beryllium	CHEBI:33780
ECTO:0001566	exposure to cadmium	CHEBI:22978
ECTO:9000943	exposure to cobalt	CHEBI:33888
ECTO:9000944	exposure to copper	CHEBI:23377
ECTO:9000945	exposure to lead	CHEBI:33585
ECTO:9000946	exposure to manganese	CHEBI:25154
ECTO:0001571	exposure to mercury	CHEBI:25196
ECTO:9000948	exposure to molybdenum	CHEBI:25370
ECTO:9000949	exposure to platinum	CHEBI:33749
ECTO:9000950	exposure to selenium	CHEBI:26628
ECTO:9000951	exposure to strontium	CHEBI:37131
ECTO:9000952	exposure to tin	CHEBI:27008
ECTO:9000953	exposure to tungsten	CHEBI:33742
ECTO:9000954	exposure to zinc	CHEBI:27364
ECTO:9000955	exposure to methylparaben	CHEBI:31835
ECTO:9000956	exposure to methylarsonic acid	CHEBI:29852
ECTO:9000957	exposure to abamectin	CHEBI:39214
ECTO:9000958	exposure to acephate	CHEBI:34520
ECTO:9000959	exposure to acetaldehyde	CHEBI:15343
ECTO:9000960	exposure to acetamide	CHEBI:27856
ECTO:9000961	exposure to acetonitrile	CHEBI:38472
ECTO:9000962	exposure to acetophenone	CHEBI:27632
ECTO:9000963	exposure to 2-acetamidofluorene	CHEBI:17356
ECTO:9000964	exposure to acrolein	CHEBI:15368
ECTO:9000965	exposure to acrylic acid	CHEBI:18308
ECTO:9000966	exposure to acrylonitrile	CHEBI:28217
ECTO:9000967	exposure to aldicarb	CHEBI:2555
ECTO:9000968	exposure to (+)-trans-allethrin	CHEBI:39118
ECTO:9000969	exposure to allyl alcohol	CHEBI:16605
ECTO:9000970	exposure to Allyl chloride	CHEBI:82379
ECTO:9000971	exposure to aluminium metal	CHEBI:33629 
ECTO:9000972	exposure to aluminium phosphide	CHEBI:38495
ECTO:9000973	exposure to aluminium oxide	CHEBI:30187
ECTO:9000974	exposure to 2-Aminoanthraquinone	CHEBI:34258
ECTO:9000975	exposure to 4-(phenylazo)aniline	CHEBI:233869
ECTO:9000976	exposure to biphenyl-4-amine	CHEBI:1784
ECTO:9000977	exposure to 1-Amino-2-methylanthraquinone	CHEBI:82382
ECTO:9000978	exposure to 1-Amino-2,4-dibromoanthraquinone	CHEBI:82304
ECTO:9000979	exposure to anilazine	CHEBI:82076
ECTO:9000980	exposure to aniline	CHEBI:17296
ECTO:9000981	exposure to ortho-Anisidine	CHEBI:82288
ECTO:9000982	exposure to anthracene	CHEBI:35298
ECTO:9000985	exposure to bendiocarb	CHEBI:34556
ECTO:9000986	exposure to Benzal chloride	CHEBI:82273
ECTO:9000987	exposure to benzamide	CHEBI:28179
ECTO:9000988	exposure to benzidine	CHEBI:80495
ECTO:9000989	exposure to Benzotrichloride	CHEBI:82274
ECTO:9000990	exposure to Benzoyl chloride	CHEBI:82275
ECTO:9000991	exposure to Benzoyl peroxide	CHEBI:82405
ECTO:9000992	exposure to benzyl chloride	CHEBI:615597
ECTO:9000994	exposure to bifenthrin	CHEBI:3093
ECTO:9000995	exposure to Bis(chloromethyl) ether	CHEBI:82270
ECTO:9000996	exposure to Bis(2-chloro-1-methylethyl)ether	CHEBI:82409
ECTO:9000997	exposure to tributylstannane	CHEBI:27086
ECTO:9000998	exposure to boron trifluoride	CHEBI:33093
ECTO:9000999	exposure to bromochlorodifluoromethane	CHEBI:84698
ECTO:9001000	exposure to bromoform	CHEBI:38682
ECTO:9001002	exposure to Brucine	CHEBI:3193
ECTO:9001003	exposure to buta-1,3-diene	CHEBI:39478
ECTO:9001004	exposure to butyl acrylate	CHEBI:3245
ECTO:9001005	exposure to butan-2-ol	CHEBI:35687
ECTO:9001006	exposure to tert-butanol	CHEBI:45895
ECTO:9001007	exposure to butanal	CHEBI:15743
ECTO:9001009	exposure to calcium cyanamide	CHEBI:64301
ECTO:9001010	exposure to captan	CHEBI:34608
ECTO:9001011	exposure to carbaryl	CHEBI:3390
ECTO:9001012	exposure to carbofuran	CHEBI:34611
ECTO:9001013	exposure to carbon disulfide	CHEBI:23012
ECTO:9001014	exposure to carbonyl sulfide	CHEBI:16573
ECTO:9001015	exposure to carboxin	CHEBI:3405
ECTO:9001016	exposure to catechol	CHEBI:18135
ECTO:9001017	exposure to quinomethionate	CHEBI:34620
ECTO:9001018	exposure to Chloramben	CHEBI:82183
ECTO:9001019	exposure to chlorendic acid	CHEBI:76603
ECTO:9001020	exposure to chlorimuron-ethyl	CHEBI:47319
ECTO:9001022	exposure to chlorine dioxide	CHEBI:52357
ECTO:0001659	exposure to chloroacetic acid	CHEBI:27869
ECTO:9001024	exposure to quaternium-15	CHEBI:59607
ECTO:9001025	exposure to 4-chloroaniline	CHEBI:20331
ECTO:9001026	exposure to Chlorobenzilate	CHEBI:34626
ECTO:9001027	exposure to Chlorodifluoromethane	CHEBI:82417
ECTO:9001030	exposure to chloromethane	CHEBI:36014
ECTO:9001031	exposure to Chloromethyl methyl ether	CHEBI:82271
ECTO:9001032	exposure to chloropicrin	CHEBI:39285
ECTO:9001034	exposure to chlorothalonil	CHEBI:3639
ECTO:9001036	exposure to Guinea Green B	CHEBI:82471
ECTO:9001037	exposure to Sudan II	CHEBI:82534
ECTO:9001038	exposure to ortho-Aminoazotoluene	CHEBI:82285
ECTO:9001039	exposure to Sudan I	CHEBI:30958
ECTO:9001040	exposure to auramine O free base	CHEBI:51874
ECTO:9001041	exposure to Vat Yellow 4	CHEBI:82548
ECTO:9001043	exposure to para-Cresidine	CHEBI:82307
ECTO:9001044	exposure to m-cresol	CHEBI:17231
ECTO:9001045	exposure to o-cresol	CHEBI:28054
ECTO:9001046	exposure to p-cresol	CHEBI:17847
ECTO:9001047	exposure to cresol	CHEBI:25399
ECTO:9001048	exposure to crotonaldehyde	CHEBI:41607
ECTO:9001049	exposure to Cycloate	CHEBI:81955
ECTO:9001050	exposure to cyclohexane	CHEBI:29005
ECTO:9001051	exposure to cyclohexanol	CHEBI:18099
ECTO:9001053	exposure to cyhalothrin	CHEBI:4035
ECTO:9001054	exposure to (2,4-dichlorophenoxy)acetate	CHEBI:19351
ECTO:9001055	exposure to dazomet	CHEBI:75212
ECTO:9001056	exposure to 2,4-DB	CHEBI:73173
ECTO:9001057	exposure to decabromodiphenyl ether	CHEBI:82436
ECTO:9001058	exposure to 2,4-Diaminoanisole	CHEBI:82309
ECTO:9001059	exposure to 2,4-diaminotoluene	CHEBI:34237
ECTO:9001060	exposure to diazomethane	CHEBI:73716
ECTO:9001061	exposure to dibenzofuran	CHEBI:28145
ECTO:9001063	exposure to 2,6-dichloro-4-nitroaniline	CHEBI:27864
ECTO:9001064	exposure to 1,3-dichlorobenzene	CHEBI:36693
ECTO:9001065	exposure to 1,4-dichlorobenzene	CHEBI:28618
ECTO:9001067	exposure to 3,3'-Dichlorobenzidine	CHEBI:82315
ECTO:9001068	exposure to trans-1,4-Dichlorobutene	CHEBI:82446
ECTO:9001069	exposure to 1,2-dichloroethene	CHEBI:18882
ECTO:9001070	exposure to 4-chlorophenol	CHEBI:28078
ECTO:9001071	exposure to 2,4-dichlorophenol	CHEBI:16738
ECTO:9001072	exposure to (E)-1,3-dichloropropene	CHEBI:18624
ECTO:9001073	exposure to dichlorvos	CHEBI:34690
ECTO:9001074	exposure to Diclofop methyl	CHEBI:4510
ECTO:9001075	exposure to dicofol	CHEBI:34692
ECTO:9001076	exposure to Dicyclopentadiene	CHEBI:34695
ECTO:9001077	exposure to diepoxybutane	CHEBI:23704
ECTO:9001078	exposure to diethanolamine	CHEBI:28123
ECTO:9001079	exposure to diethyl sulfate	CHEBI:34699
ECTO:9001080	exposure to diflubenzuron	CHEBI:34703
ECTO:9001081	exposure to Diglycidyl resorcinol ether	CHEBI:82318
ECTO:9001082	exposure to Dihydrosafrole	CHEBI:82319
ECTO:9001083	exposure to Dimethipin	CHEBI:81912
ECTO:9001084	exposure to 3,3'-Dimethoxybenzidine	CHEBI:82321
ECTO:9001085	exposure to dimethylamine	CHEBI:17170
ECTO:9001086	exposure to N,N-dimethylaniline	CHEBI:16269
ECTO:9001087	exposure to 3,3'-Dimethylbenzidine	CHEBI:34320
ECTO:9001088	exposure to N,N-dimethylformamide	CHEBI:17741
ECTO:9001089	exposure to 2,4-Dimethylphenol	CHEBI:34241
ECTO:9001090	exposure to Dimethyl phthalate	CHEBI:4609
ECTO:9001091	exposure to dimethyl sulfate	CHEBI:59050
ECTO:9001092	exposure to 1,3-dinitrobenzene	CHEBI:51397
ECTO:9001093	exposure to 1,2-dinitrobenzene	CHEBI:34053
ECTO:9001094	exposure to 1,4-dinitrobenzene	CHEBI:51398
ECTO:9001095	exposure to 4,6-dinitro-o-cresol	CHEBI:39349
ECTO:9001096	exposure to 2,4-dinitrophenol	CHEBI:42017
ECTO:9001097	exposure to 2,4-dinitrotoluene	CHEBI:920
ECTO:9001098	exposure to 2,6-dinitrotoluene	CHEBI:957
ECTO:9001099	exposure to dinitrotoluene	CHEBI:23822
ECTO:9001100	exposure to dinocap	CHEBI:83379
ECTO:9001101	exposure to 1,4-dioxane	CHEBI:47032
ECTO:9001102	exposure to Diphenamid	CHEBI:81915
ECTO:9001103	exposure to diphenylamine	CHEBI:4640
ECTO:9001104	exposure to phenylhydrazine	CHEBI:27924
ECTO:9001105	exposure to 1-dodecylguanidine	CHEBI:74880
ECTO:9001107	exposure to ethoprophos	CHEBI:38665
ECTO:9001109	exposure to Ethyl acrylate	CHEBI:82327
ECTO:9001110	exposure to EPTC	CHEBI:4738
ECTO:9001111	exposure to ethylene glycol	CHEBI:30742
ECTO:9001112	exposure to aziridine	CHEBI:30969
ECTO:9001113	exposure to oxirane	CHEBI:27561
ECTO:9001114	exposure to famphur	CHEBI:38677
ECTO:9001115	exposure to fenarimol	CHEBI:4998
ECTO:9001116	exposure to fenbutatin oxide	CHEBI:39294
ECTO:9001117	exposure to Fenoxaprop ethyl	CHEBI:5008
ECTO:9001118	exposure to fenpropathrin	CHEBI:39353
ECTO:9001119	exposure to fenthion	CHEBI:34761
ECTO:9001120	exposure to fenvalerate	CHEBI:5014
ECTO:9001121	exposure to ferbam	CHEBI:5015
ECTO:9001122	exposure to Fluazifop butyl	CHEBI:5097
ECTO:9001123	exposure to Fluometuron	CHEBI:82012
ECTO:9001124	exposure to fluorine	CHEBI:24062
ECTO:9001125	exposure to fluvalinate	CHEBI:5135
ECTO:9001126	exposure to folpet	CHEBI:82019
ECTO:9001127	exposure to Fomesafen	CHEBI:81925
ECTO:9001128	exposure to furan	CHEBI:35559
ECTO:9001129	exposure to glycidol	CHEBI:30966
ECTO:9001130	exposure to Hexachloro-1,3-butadiene	CHEBI:5691
ECTO:9001131	exposure to hexachlorophene	CHEBI:5693
ECTO:9001132	exposure to hexamethylphosphoric triamide	CHEBI:24565
ECTO:9001133	exposure to Hexazinone	CHEBI:5705
ECTO:9001134	exposure to hydramethylnon	CHEBI:2630
ECTO:9001135	exposure to hydrazine	CHEBI:15571
ECTO:9001137	exposure to hydrogen cyanide	CHEBI:18407
ECTO:9001138	exposure to hydrogen fluoride	CHEBI:29228
ECTO:9001139	exposure to hydroquinone	CHEBI:17594
ECTO:9001140	exposure to enilconazole	CHEBI:81927
ECTO:9001141	exposure to pentacarbonyliron	CHEBI:30251
ECTO:9001142	exposure to isobutyraldehyde	CHEBI:48943
ECTO:9001143	exposure to Isodrin	CHEBI:82100
ECTO:9001144	exposure to isoprene	CHEBI:35194
ECTO:9001146	exposure to Isosafrole	CHEBI:6054
ECTO:9001147	exposure to trifluoromethyl group	CHEBI:50127
ECTO:9001149	exposure to lithium carbonate	CHEBI:6504
ECTO:9001150	exposure to malathion	CHEBI:6651
ECTO:9001151	exposure to maleic anhydride	CHEBI:474859
ECTO:9001152	exposure to malononitrile	CHEBI:33186
ECTO:9001153	exposure to maneb	CHEBI:52497
ECTO:9001154	exposure to elemental manganese	CHEBI:35115
ECTO:9001155	exposure to 1,3-benzothiazole-2-thiol	CHEBI:34292
ECTO:9001156	exposure to Methazole	CHEBI:82244
ECTO:9001157	exposure to methoxychlor	CHEBI:6842
ECTO:9001159	exposure to Methyl acrylate	CHEBI:82482
ECTO:9001161	exposure to 4,4'-diaminodiphenylmethane	CHEBI:32506
ECTO:9001162	exposure to O-methyleugenol	CHEBI:4918
ECTO:9001163	exposure to iodomethane	CHEBI:39282
ECTO:9001164	exposure to Methyl isobutyl ketone	CHEBI:82344
ECTO:9001165	exposure to methyl isocyanate	CHEBI:59059
ECTO:9001166	exposure to methyl isothiocyanate	CHEBI:78337
ECTO:9001167	exposure to 2-hydroxy-2-methylpropanenitrile	CHEBI:15348
ECTO:9001168	exposure to methyl methacrylate	CHEBI:34840
ECTO:9001169	exposure to N-Methylolacrylamide	CHEBI:82492
ECTO:9001170	exposure to 2-methylpyridine	CHEBI:50415
ECTO:9001171	exposure to metiram	CHEBI:81539
ECTO:9001172	exposure to mevinphos	CHEBI:38725
ECTO:9001173	exposure to Molinate	CHEBI:6964
ECTO:9001174	exposure to molybdenum trioxide	CHEBI:30627
ECTO:9001175	exposure to bis(2-chloroethyl) sulfide	CHEBI:25434
ECTO:9001176	exposure to nabam	CHEBI:81934
ECTO:9001177	exposure to naled	CHEBI:38729
ECTO:9001178	exposure to 1-naphthylamine	CHEBI:50450
ECTO:9001179	exposure to 2-naphthylamine	CHEBI:27878
ECTO:9001181	exposure to Nitrapyrin	CHEBI:81935
ECTO:9001183	exposure to nitrilotriacetic acid	CHEBI:44557
ECTO:9001184	exposure to 4-nitroaniline	CHEBI:17064
ECTO:9001185	exposure to 2-nitroanisole	CHEBI:48722
ECTO:9001186	exposure to 2-methoxy-5-nitroaniline	CHEBI:48977
ECTO:9001187	exposure to 4-Nitrobiphenyl	CHEBI:82504
ECTO:9001188	exposure to Nitrofen	CHEBI:7590
ECTO:9001189	exposure to 2-chloroethyl group	CHEBI:47553
ECTO:9001190	exposure to nitromethane	CHEBI:77701
ECTO:9001191	exposure to 2-nitrophenol	CHEBI:16260
ECTO:9001192	exposure to 4-nitrophenol	CHEBI:16836
ECTO:9001193	exposure to 2-nitropropane	CHEBI:16037
ECTO:9001194	exposure to N-Nitrosodi-n-butylamine	CHEBI:82356
ECTO:9001195	exposure to N-nitrosodiethylamine	CHEBI:34873
ECTO:9001196	exposure to N-nitrosodimethylamine	CHEBI:35807
ECTO:9001197	exposure to N-Nitrosodiphenylamine	CHEBI:34875
ECTO:9001198	exposure to N-Nitrosodi-n-propylamine	CHEBI:82358
ECTO:9001199	exposure to N-methyl-N-nitrosourea	CHEBI:50102
ECTO:9001200	exposure to N-Nitrosomethylvinylamine	CHEBI:82361
ECTO:9001201	exposure to N-nitrosomorpholine	CHEBI:76326
ECTO:9001202	exposure to 5-nitro-o-toluidine	CHEBI:66891
ECTO:9001203	exposure to norflurazon	CHEBI:50842
ECTO:9001204	exposure to Octachlorostyrene	CHEBI:81542
ECTO:9001205	exposure to oryzalin	CHEBI:73163
ECTO:9001206	exposure to osmium tetroxide	CHEBI:88215
ECTO:9001207	exposure to oxydemeton-methyl	CHEBI:38735
ECTO:9001208	exposure to Oxyfluorfen	CHEBI:82029
ECTO:9001209	exposure to paraldehyde	CHEBI:27909
ECTO:9001210	exposure to paraquat dichloride	CHEBI:28786
ECTO:9001211	exposure to p-nitrophenyl group	CHEBI:61595
ECTO:9001212	exposure to Pebulate	CHEBI:81939
ECTO:9001213	exposure to pentan-3-yl group	CHEBI:32881
ECTO:9001214	exposure to pentachloroethane	CHEBI:76287
ECTO:9001215	exposure to pentachlorophenol	CHEBI:17642
ECTO:9001216	exposure to Pentobarbital sodium	CHEBI:7984
ECTO:9001217	exposure to permethrin	CHEBI:34911
ECTO:9001219	exposure to phenolphthalein	CHEBI:34914
ECTO:9001220	exposure to phenothrin	CHEBI:34916
ECTO:9001221	exposure to 1,2-phenylenediamine	CHEBI:34043
ECTO:9001222	exposure to 1,3-phenylenediamine	CHEBI:8092
ECTO:9001223	exposure to 1,4-phenylenediamine	CHEBI:51403
ECTO:9001224	exposure to phenytoin	CHEBI:8107
ECTO:9001226	exposure to phosphine	CHEBI:35883
ECTO:9001227	exposure to phosphorus	CHEBI:26082
ECTO:9001228	exposure to phthalic anhydride	CHEBI:36605
ECTO:9001229	exposure to Picloram	CHEBI:34922
ECTO:9001230	exposure to picric acid	CHEBI:46149
ECTO:9001231	exposure to piperonyl butoxide	CHEBI:32687
ECTO:9001232	exposure to potassium bromate	CHEBI:38211
ECTO:9001233	exposure to profenofos	CHEBI:38845
ECTO:9001234	exposure to isopropyl group	CHEBI:30353
ECTO:9001235	exposure to Pronamide	CHEBI:34935
ECTO:9001236	exposure to propargite	CHEBI:39300
ECTO:9001237	exposure to prop-2-yn-1-ol	CHEBI:28905
ECTO:9001238	exposure to propetamphos	CHEBI:38864
ECTO:9001239	exposure to beta-propiolactone	CHEBI:49073
ECTO:9001240	exposure to propanal	CHEBI:17153
ECTO:9001241	exposure to propoxur	CHEBI:34938
ECTO:9001242	exposure to propene	CHEBI:16052
ECTO:9001243	exposure to 2-Methylaziridine	CHEBI:82340
ECTO:9001244	exposure to 1,2-epoxypropane	CHEBI:38685
ECTO:9001245	exposure to quinoline	CHEBI:17362
ECTO:9001246	exposure to quinone	CHEBI:36141
ECTO:9001247	exposure to pentachloronitrobenzene	CHEBI:34908
ECTO:9001248	exposure to Quizalofop-ethyl	CHEBI:81807
ECTO:9001249	exposure to resmethrin	CHEBI:8811
ECTO:9001250	exposure to safrole	CHEBI:8994
ECTO:9001251	exposure to Sethoxydim	CHEBI:81815
ECTO:9001252	exposure to elemental silver	CHEBI:33966
ECTO:9001253	exposure to sodium azide	CHEBI:278547
ECTO:9001254	exposure to sodium fluoroacetate	CHEBI:38699
ECTO:9001255	exposure to sodium nitrite	CHEBI:78870
ECTO:9001256	exposure to styrene oxide	CHEBI:17907
ECTO:9001258	exposure to sulfuryl difluoride	CHEBI:39287
ECTO:9001259	exposure to sulprofos	CHEBI:38949
ECTO:9001260	exposure to tert-butyl group	CHEBI:30355
ECTO:9001261	exposure to temephos	CHEBI:38954
ECTO:9001262	exposure to Terbacil	CHEBI:9447
ECTO:9001263	exposure to 3,3',5,5'-tetrabromobisphenol A	CHEBI:33217
ECTO:9001264	exposure to 1,1,1,2-tetrachloroethane	CHEBI:34024
ECTO:9001265	exposure to tetrachlorvinphos	CHEBI:35005
ECTO:9001266	exposure to Tetracycline hydrochloride	CHEBI:35006
ECTO:9001267	exposure to tetrafluoroethene	CHEBI:38866
ECTO:9001268	exposure to Tetranitromethane	CHEBI:82372
ECTO:9001269	exposure to tetramethrin	CHEBI:39397
ECTO:9001270	exposure to thioacetamide	CHEBI:32497
ECTO:9001271	exposure to Thiobencarb	CHEBI:35011
ECTO:9001272	exposure to 4,4'-Thiodianiline	CHEBI:82374
ECTO:9001273	exposure to thiodicarb	CHEBI:38548
ECTO:9001274	exposure to thiourea	CHEBI:36946
ECTO:9001275	exposure to thiram	CHEBI:9495
ECTO:9001276	exposure to thorium dioxide	CHEBI:37339
ECTO:9001278	exposure to o-toluidine	CHEBI:66892
ECTO:9001279	exposure to triadimefon	CHEBI:9665
ECTO:9001280	exposure to Tri-allate	CHEBI:81978
ECTO:9001281	exposure to triaziquone	CHEBI:27090
ECTO:9001282	exposure to tribenuron methyl	CHEBI:9678
ECTO:9001283	exposure to tribufos	CHEBI:38737
ECTO:9001284	exposure to trichlorfon	CHEBI:6908
ECTO:9001285	exposure to 1,2,4-trichlorobenzene	CHEBI:28222
ECTO:9001286	exposure to 2,4,5-trichlorophenol	CHEBI:28520
ECTO:9001287	exposure to 2,4,6-trichlorophenol	CHEBI:28755
ECTO:9001288	exposure to 1,2,3-Trichloropropane	CHEBI:34036
ECTO:9001289	exposure to triethylamine	CHEBI:35026
ECTO:9001290	exposure to triforine	CHEBI:9715
ECTO:9001291	exposure to 1,2,4-trimethylbenzene	CHEBI:34039
ECTO:9001292	exposure to 2,3,5-trimethylphenyl methylcarbamate	CHEBI:38893
ECTO:9001293	exposure to fentin chloride	CHEBI:35036
ECTO:9001294	exposure to fentin hydroxide	CHEBI:30473
ECTO:9001295	exposure to Tris(2,3-dibromopropyl) phosphate	CHEBI:82282
ECTO:9001296	exposure to trypan blue	CHEBI:78897
ECTO:9001298	exposure to vanadium	CHEBI:27275
ECTO:9001299	exposure to vinclozolin	CHEBI:9986
ECTO:9001300	exposure to vinyl acetate	CHEBI:46916
ECTO:9001301	exposure to bromoethene	CHEBI:51311
ECTO:9001302	exposure to chloroethene	CHEBI:28509
ECTO:9001303	exposure to fluoroethene	CHEBI:51314
ECTO:9001304	exposure to m-xylene	CHEBI:28488
ECTO:9001305	exposure to 2,6-dimethylaniline	CHEBI:28738
ECTO:9001306	exposure to elemental zinc	CHEBI:37253
ECTO:9001307	exposure to zineb	CHEBI:52498
ECTO:9001308	exposure to chlorophenol	CHEBI:23150
ECTO:9001309	exposure to diisocyanate	CHEBI:53213
ECTO:9001311	exposure to silver	CHEBI:33964
ECTO:9001312	exposure to thallium	CHEBI:37110
ECTO:9001313	exposure to elemental boron	CHEBI:33609
ECTO:9001315	exposure to L-lysine	CHEBI:18019
ECTO:9001316	exposure to benzo[a]pyrene	CHEBI:29865
ECTO:9001317	exposure to 1,6-Dinitropyrene	CHEBI:34066
ECTO:9001318	exposure to 1,8-Dinitropyrene	CHEBI:34069
ECTO:9001319	exposure to 5-Methylchrysene	CHEBI:82342
ECTO:9001320	exposure to 6-Nitrochrysene	CHEBI:82351
ECTO:9001321	exposure to 1-nitropyrene	CHEBI:34107
ECTO:9001322	exposure to 4-Nitropyrene	CHEBI:82355
ECTO:9001323	exposure to 3,3'-Dimethoxybenzidine-4,4'-diisocyanate	CHEBI:82451
ECTO:9001324	exposure to hexamethylene diisocyanate	CHEBI:53578
ECTO:9001325	exposure to isophorone diisocyanate	CHEBI:53214
ECTO:9001326	exposure to 1,5-Naphthalene diisocyanate	CHEBI:82496
ECTO:9001327	exposure to 1,2,3,4,7,8-Hexachlorodibenzodioxin	CHEBI:81502
ECTO:9001328	exposure to 1,2,3,6,7,8-Hexachlorodibenzodioxin	CHEBI:81503
ECTO:9001329	exposure to 1,2,3,4,6,7,8-Heptachlorodibenzodioxin	CHEBI:81505
ECTO:9001330	exposure to 2,3,7,8-Tetrachlorodibenzofuran	CHEBI:81506
ECTO:9001331	exposure to 1,2,3,4,6,7,8-Heptachlorodibenzofuran	CHEBI:81513
ECTO:9001332	exposure to squalene	CHEBI:15440
ECTO:9001333	exposure to inulin	CHEBI:15443
ECTO:9001334	exposure to primary alcohol	CHEBI:15734
ECTO:9001335	exposure to lycopene	CHEBI:15948
ECTO:9001336	exposure to quercetin	CHEBI:16243
ECTO:9001337	exposure to 1H-pyrazole	CHEBI:17241
ECTO:9001338	exposure to 1-methyl-4-phenyl-1,2,3,6-tetrahydropyridine	CHEBI:17963
ECTO:9001339	exposure to polysaccharide	CHEBI:18154
ECTO:9001340	exposure to N-methyl-N'-nitro-N-nitrosoguanidine	CHEBI:21759
ECTO:9001341	exposure to alpha-tocopherol	CHEBI:22470
ECTO:9001342	exposure to N-ethyl-N-nitrosourea	CHEBI:23995
ECTO:9001343	exposure to 7,12-dimethyltetraphene	CHEBI:254496
ECTO:9001344	exposure to alendronic acid	CHEBI:2567
ECTO:9001345	exposure to phosphate	CHEBI:26020
ECTO:9001346	exposure to retinoid	CHEBI:26537
ECTO:9001347	exposure to sodium chloride	CHEBI:26710
ECTO:9001348	exposure to ceftriaxone	CHEBI:29007
ECTO:9001349	exposure to sodium nitroprusside	CHEBI:29321
ECTO:9001350	exposure to potassium chloride	CHEBI:32588
ECTO:9001351	exposure to technetium-99	CHEBI:33371
ECTO:9001352	exposure to captopril	CHEBI:3380
ECTO:9001353	exposure to phenols	CHEBI:33853
ECTO:9001354	exposure to carrageenan	CHEBI:3435
ECTO:9001355	exposure to 4-octylphenol	CHEBI:34432
ECTO:9001356	exposure to pentolinium ion	CHEBI:347401
ECTO:9001357	exposure to ruthenium red	CHEBI:34956
ECTO:9001359	exposure to sulfonamide	CHEBI:35358
ECTO:9001360	exposure to benfotiamine	CHEBI:41039
ECTO:9001361	exposure to diethylstilbestrol	CHEBI:41922
ECTO:9001362	exposure to acepromazine	CHEBI:44932
ECTO:9001363	exposure to dihydrocapsaicin	CHEBI:46932
ECTO:9001364	exposure to 5-bromo-2'-deoxyuridine	CHEBI:472552
ECTO:9001365	exposure to 4-methyl-2-oxopentanoic acid	CHEBI:48430
ECTO:9001366	exposure to angiotensin II	CHEBI:48432
ECTO:9001367	exposure to lithium chloride	CHEBI:48607
ECTO:9001368	exposure to naringenin	CHEBI:50202
ECTO:9001369	exposure to titanium dioxide nanoparticle	CHEBI:51050
ECTO:9001370	exposure to pristane	CHEBI:53181
ECTO:9001371	exposure to glyburide	CHEBI:5441
ECTO:9001372	exposure to pentolinium tartrate	CHEBI:55326
ECTO:9001373	exposure to guanethidine	CHEBI:5557
ECTO:9001374	exposure to isotretinoin	CHEBI:6067
ECTO:9001375	exposure to isoprenaline	CHEBI:64317
ECTO:9001376	exposure to losartan	CHEBI:6541
ECTO:9001377	exposure to methacholine	CHEBI:6804
ECTO:9001378	exposure to methylene blue	CHEBI:6872
ECTO:9001379	exposure to 1,2-dimethylhydrazine	CHEBI:73755
ECTO:9001380	exposure to chrysin	CHEBI:75095
ECTO:9001381	exposure to 3-methyl-4'-dimethylaminoazobenzene	CHEBI:76329
ECTO:9001382	exposure to oxidopamine	CHEBI:78741
ECTO:9001383	exposure to phenylephrine	CHEBI:8093
ECTO:9001384	exposure to streptozocin	CHEBI:9288
ECTO:9001385	exposure to trimethaphan camsylate	CHEBI:9729
ECTO:9001386	exposure to heroin	CHEBI:27808
ECTO:9001388	exposure to organotin compound	CHEBI:25717
ECTO:9001389	exposure to organotin acaricide	CHEBI:39292
ECTO:9001391	exposure to acetic anhydride	CHEBI:36610
ECTO:9001393	exposure to acetylene	CHEBI:27518
ECTO:9001395	exposure to ammonium chloride	CHEBI:31206
ECTO:9001396	exposure to arsane	CHEBI:47217
ECTO:9001397	exposure to thiophenol	CHEBI:48498
ECTO:9001398	exposure to diboron trioxide	CHEBI:30163
ECTO:9001399	exposure to butane	CHEBI:37808
ECTO:9001400	exposure to butan-2-one	CHEBI:28398
ECTO:9001401	exposure to butyl acetate	CHEBI:31328
ECTO:9001402	exposure to butan-1-amine	CHEBI:43799
ECTO:9001403	exposure to butyronitrile	CHEBI:51937
ECTO:9001404	exposure to calcium carbonate	CHEBI:3311
ECTO:9001405	exposure to calcium dihydroxide	CHEBI:31341
ECTO:9001406	exposure to calcium sulfate	CHEBI:31346
ECTO:9001407	exposure to camphor	CHEBI:36773
ECTO:9001408	exposure to epsilon-caprolactam	CHEBI:28579
ECTO:9001409	exposure to captafol	CHEBI:81938
ECTO:9001410	exposure to tetrabromomethane	CHEBI:47875
ECTO:9001411	exposure to caesium hydroxide	CHEBI:33988
ECTO:9001412	exposure to dioxidochlorine(.)	CHEBI:29415
ECTO:9001413	exposure to trifluorochlorine	CHEBI:30123
ECTO:9001414	exposure to bromochloromethane	CHEBI:17194
ECTO:9001415	exposure to chromic acid	CHEBI:33143
ECTO:9001416	exposure to dichromium trioxide	CHEBI:48242
ECTO:9001417	exposure to chromyl dichloride	CHEBI:33038
ECTO:9001418	exposure to cumene	CHEBI:34656
ECTO:9001419	exposure to cyanamide	CHEBI:16698
ECTO:9001420	exposure to oxalonitrile	CHEBI:29308
ECTO:9001421	exposure to cyclohexanone	CHEBI:17854
ECTO:9001422	exposure to cyclohexene	CHEBI:36404
ECTO:9001423	exposure to cyclohexylamine	CHEBI:15773
ECTO:9001424	exposure to 1,3,5-trinitro-1,3,5-triazinane	CHEBI:24556
ECTO:9001425	exposure to cyclopentadiene	CHEBI:30664
ECTO:9001426	exposure to cyclopentane	CHEBI:23492
ECTO:9001427	exposure to diacetone alcohol	CHEBI:55381
ECTO:9001428	exposure to diborane(6)	CHEBI:33590
ECTO:9001429	exposure to ferrocene	CHEBI:30672
ECTO:9001430	exposure to dieldrin	CHEBI:34696
ECTO:9001431	exposure to 2-diethylaminoethanol	CHEBI:52153
ECTO:9001432	exposure to diethylenetriamine	CHEBI:30629
ECTO:9001433	exposure to diethyl phthalate	CHEBI:34698
ECTO:9001434	exposure to disulfiram	CHEBI:4659
ECTO:9001435	exposure to disulfoton	CHEBI:38661
ECTO:9001436	exposure to 2,6-di-tert-butyl-4-methylphenol	CHEBI:34247
ECTO:9001437	exposure to enflurane	CHEBI:4792
ECTO:9001438	exposure to ethanolamine	CHEBI:16000
ECTO:9001439	exposure to ethyl acetate	CHEBI:27750
ECTO:9001440	exposure to ethylamine	CHEBI:15862
ECTO:9001441	exposure to 2-chloroethanol	CHEBI:28200
ECTO:9001442	exposure to ethylenediamine	CHEBI:30347
ECTO:9001443	exposure to diethyl ether	CHEBI:35702
ECTO:9001444	exposure to ethyl formate	CHEBI:52342
ECTO:9001445	exposure to fenamiphos	CHEBI:38680
ECTO:9001446	exposure to formimidic acid	CHEBI:48431
ECTO:9001447	exposure to furfuryl alcohol	CHEBI:207496
ECTO:9001448	exposure to germane	CHEBI:30443
ECTO:9001449	exposure to alditol	CHEBI:17522
ECTO:9001450	exposure to halothane	CHEBI:5615
ECTO:9001452	exposure to hexafluoroacetone	CHEBI:39429
ECTO:9001453	exposure to hydrogen bromide	CHEBI:47266
ECTO:9001454	exposure to 1H-indene	CHEBI:41921
ECTO:9001455	exposure to iodoform	CHEBI:37758
ECTO:9001456	exposure to ferric oxide	CHEBI:50819
ECTO:9001457	exposure to iron(2+) sulfate (anhydrous)	CHEBI:75832
ECTO:9001458	exposure to isoamyl acetate	CHEBI:31725
ECTO:9001459	exposure to isoamylol	CHEBI:15837
ECTO:9001460	exposure to isobutane	CHEBI:30363
ECTO:9001461	exposure to isobutyl acetate	CHEBI:50569
ECTO:9001462	exposure to isopropylamine	CHEBI:15739
ECTO:9001463	exposure to magnesium oxide	CHEBI:31794
ECTO:9001464	exposure to malonaldehyde	CHEBI:566274
ECTO:9001465	exposure to methoxyflurane	CHEBI:6843
ECTO:9001466	exposure to methyl acetate	CHEBI:77700
ECTO:9001467	exposure to dimethoxymethane	CHEBI:48341
ECTO:9001468	exposure to heptan-2-one	CHEBI:5672
ECTO:9001470	exposure to methyl formate	CHEBI:77699
ECTO:9001471	exposure to methanethiol	CHEBI:16007
ECTO:9001472	exposure to monocrotophos	CHEBI:38728
ECTO:9001473	exposure to morpholine	CHEBI:34856
ECTO:9001474	exposure to tetracarbonylnickel	CHEBI:30372
ECTO:9001475	exposure to nitroethane	CHEBI:16268
ECTO:9001476	exposure to nitrogen trifluoride	CHEBI:30231
ECTO:9001477	exposure to 3-nitrotoluene	CHEBI:39931
ECTO:9001479	exposure to octane	CHEBI:17590
ECTO:9001480	exposure to oxalic acid	CHEBI:16995
ECTO:9001481	exposure to oxygen difluoride	CHEBI:30494
ECTO:9001482	exposure to parathion	CHEBI:27928
ECTO:9001483	exposure to pentane	CHEBI:37830
ECTO:9001484	exposure to pentan-2-one	CHEBI:16472
ECTO:9001485	exposure to 10H-phenothiazine	CHEBI:37931
ECTO:9001486	exposure to phorate	CHEBI:38764
ECTO:9001487	exposure to phosphane	CHEBI:30278
ECTO:9001489	exposure to phosphoryl trichloride	CHEBI:30336
ECTO:9001490	exposure to phosphorus trichloride	CHEBI:30334
ECTO:9001492	exposure to propane	CHEBI:32879
ECTO:9001493	exposure to propane-1-thiol	CHEBI:8473
ECTO:9001494	exposure to propionic acid	CHEBI:30768
ECTO:9001495	exposure to propionitrile	CHEBI:26307
ECTO:9001496	exposure to resorcinol	CHEBI:27810
ECTO:9001497	exposure to silicon carbide	CHEBI:29390
ECTO:9001498	exposure to silane	CHEBI:29389
ECTO:9001499	exposure to trisodium hexafluoroaluminate	CHEBI:39289
ECTO:9001500	exposure to stibane	CHEBI:30288
ECTO:9001501	exposure to sulfur hexafluoride	CHEBI:30496
ECTO:9001502	exposure to sulfur tetrafluoride	CHEBI:30495
ECTO:9001503	exposure to (2,4,5-trichlorophenoxy)acetic acid	CHEBI:27903
ECTO:9001504	exposure to 1,4-diphenylbenzene	CHEBI:52242
ECTO:9001505	exposure to tetraethyllead	CHEBI:30182
ECTO:9001506	exposure to oxolane	CHEBI:26911
ECTO:9001507	exposure to thioglycolic acid	CHEBI:30065
ECTO:9001508	exposure to thionyl dichloride	CHEBI:29290
ECTO:9001509	exposure to tin dioxide	CHEBI:52991
ECTO:9001510	exposure to titanium dioxide	CHEBI:32234
ECTO:9001511	exposure to tributyl phosphate	CHEBI:35019
ECTO:9001512	exposure to trimethylamine	CHEBI:18139
ECTO:9001513	exposure to 1,2,3-trimethylbenzene	CHEBI:34037
ECTO:9001514	exposure to 1,3,5-trimethylbenzene	CHEBI:34833
ECTO:9001515	exposure to triphenyl phosphate	CHEBI:35033
ECTO:9001516	exposure to divanadium pentaoxide	CHEBI:30045
ECTO:9001517	exposure to 4-hydroxy-3-(3-oxo-1-phenylbutyl)-1-benzopyran-2-one	CHEBI:87732
ECTO:9001518	exposure to zinc dichloride	CHEBI:49976
ECTO:9001519	exposure to zinc oxide	CHEBI:36560
ECTO:9001520	exposure to azinphos-methyl	CHEBI:2953
ECTO:9001521	exposure to fentanyl	CHEBI:119915
ECTO:9001522	exposure to sarin	CHEBI:75701
ECTO:9001523	exposure to strychnine	CHEBI:28973
ECTO:9001524	exposure to Ricin	CHEBI:8852
ECTO:9001525	exposure to bis(2-ethylhexyl) phthalate	CHEBI:17747
ECTO:9001526	exposure to 1,1-dimethylhydrazine	CHEBI:18853
ECTO:9001527	exposure to 1,3-dichloropropene	CHEBI:18918
ECTO:9001528	exposure to sodium hydrogensulfite	CHEBI:26709
ECTO:9001529	exposure to sodium fluoride	CHEBI:28741
ECTO:9001530	exposure to mechlorethamine	CHEBI:28925
ECTO:9001531	exposure to copper(2+)	CHEBI:29036
ECTO:9001534	exposure to organochlorine insecticide	CHEBI:25705
ECTO:9001535	exposure to organochlorine pesticide	CHEBI:38656
ECTO:9001536	exposure to 1,4 dioxin	CHEBI:134044
ECTO:9001537	exposure to polychlorinated dibenzodioxines and related compounds	CHEBI:134045
ECTO:9001538	exposure to polybromobiphenyl	CHEBI:134049
ECTO:9001539	exposure to polychlorinated dibenzofuran	CHEBI:134046
ECTO:9001540	exposure to disodium 5'-guanylate	CHEBI:132932
ECTO:9001541	exposure to phenylureas	CHEBI:134043
ECTO:9001542	exposure to chlorofluorocarbon	CHEBI:134024
ECTO:9001543	exposure to ethylparaben	CHEBI:31575
ECTO:9001544	exposure to propylparaben	CHEBI:32063
ECTO:9001545	exposure to hafnium atom	CHEBI:33343
ECTO:9001546	exposure to Ammonium sulfamate	CHEBI:81950
ECTO:9001547	exposure to pentyl acetate	CHEBI:87362
ECTO:9001548	exposure to ANTU	CHEBI:82256
ECTO:9001550	exposure to barium chloride	CHEBI:63317
ECTO:9001552	exposure to calcium oxide	CHEBI:31344
ECTO:9001553	exposure to chloroacetaldehyde	CHEBI:27871
ECTO:9001554	exposure to Chloroacetyl chloride	CHEBI:34624
ECTO:9001555	exposure to copper(II) oxide	CHEBI:75955
ECTO:9001556	exposure to Crufomate	CHEBI:82111
ECTO:9001557	exposure to Dichloroacetylene	CHEBI:4503
ECTO:9001558	exposure to Bis(2-chloroethyl)ether	CHEBI:34573
ECTO:9001559	exposure to Dalapon	CHEBI:81859
ECTO:9001560	exposure to dicrotophos	CHEBI:38658
ECTO:9001561	exposure to diethylamine	CHEBI:85259
ECTO:9001562	exposure to pentan-3-one	CHEBI:87755
ECTO:9001563	exposure to 2-Methyl-4-heptanone	CHEBI:89195
ECTO:9001564	exposure to N,N-dimethylacetamide	CHEBI:84254
ECTO:9001565	exposure to Dimethylcarbamoyl chloride	CHEBI:82280
ECTO:9001566	exposure to Dioxation	CHEBI:81364
ECTO:9001567	exposure to 4-Heptanone	CHEBI:89484
ECTO:9001568	exposure to diquat	CHEBI:64163
ECTO:9001569	exposure to EPN	CHEBI:34733
ECTO:9001570	exposure to heptan-3-one	CHEBI:50139
ECTO:9001571	exposure to Ethylenethiourea	CHEBI:34750
ECTO:9001572	exposure to fensulfothion	CHEBI:34760
ECTO:9001573	exposure to fonofos	CHEBI:38689
ECTO:9001574	exposure to formamide	CHEBI:16397
ECTO:9001575	exposure to glutaraldehyde	CHEBI:64276
ECTO:9001576	exposure to glycerol	CHEBI:17754
ECTO:9001577	exposure to 2-methylpentane-2,4-diol	CHEBI:62995
ECTO:9001578	exposure to selane	CHEBI:16503
ECTO:9001579	exposure to elemental indium	CHEBI:37114
ECTO:9001580	exposure to 3-methyl-2-butanol	CHEBI:77517
ECTO:9001581	exposure to isophorone	CHEBI:34800
ECTO:9001582	exposure to 4-Methyl-3-penten-2-one, 9CI	CHEBI:89993
ECTO:9001583	exposure to methacrylic acid	CHEBI:25219
ECTO:9001584	exposure to p-methoxyphenol	CHEBI:69441
ECTO:9001585	exposure to 4,4'-methylene-bis-(2-chloroaniline)	CHEBI:28124
ECTO:9001586	exposure to dicyclohexylmethane-4,4'-diisocyanate	CHEBI:53216
ECTO:9001587	exposure to 5-Methyl-2-hexanone	CHEBI:88432
ECTO:9001588	exposure to alpha-Methylstyrene	CHEBI:35060
ECTO:9001589	exposure to N-methylaniline	CHEBI:15733
ECTO:9001590	exposure to 4-Chloronitrobenzene	CHEBI:34399
ECTO:9001591	exposure to 2-nitronaphthalene	CHEBI:50637
ECTO:9001592	exposure to 1-nitropropane	CHEBI:76261
ECTO:9001593	exposure to 4-nitrotoluene	CHEBI:35227
ECTO:9001594	exposure to Phenyl glycidyl ether	CHEBI:82367
ECTO:9001595	exposure to N-Phenyl-2-naphthylamine	CHEBI:34877
ECTO:9001596	exposure to phosphorus pentachloride	CHEBI:30335
ECTO:9001597	exposure to isophthalonitrile	CHEBI:38218
ECTO:9001598	exposure to Pindone	CHEBI:82261
ECTO:9001599	exposure to 1,3-Propane sultone	CHEBI:82370
ECTO:9001600	exposure to propyl acetate	CHEBI:40116
ECTO:9001601	exposure to rhodium	CHEBI:33359
ECTO:9001602	exposure to Fenchlorphos	CHEBI:82125
ECTO:9001603	exposure to selenium hexafluoride	CHEBI:30434
ECTO:9001604	exposure to tantalum	CHEBI:33348
ECTO:9001605	exposure to sulfotep	CHEBI:38945
ECTO:9001606	exposure to tellurium hexafluoride	CHEBI:30469
ECTO:9001607	exposure to TEPP	CHEBI:82149
ECTO:9001608	exposure to tetramethyllead	CHEBI:30183
ECTO:9001609	exposure to sodium diphosphate	CHEBI:71240
ECTO:9001610	exposure to N-methyl-N-picrylnitramine	CHEBI:28950
ECTO:9001611	exposure to p-toluidine	CHEBI:37825
ECTO:9001612	exposure to trichloroacetic acid	CHEBI:30956
ECTO:9001613	exposure to 2,4,6-trinitrotoluene	CHEBI:46053
ECTO:9001614	exposure to pentanal	CHEBI:84069
ECTO:9001615	exposure to 4-vinylcyclohexene dioxide	CHEBI:59001
ECTO:9001616	exposure to Vinylidene fluoride	CHEBI:82550
ECTO:9001617	exposure to zirconium	CHEBI:33342
ECTO:9001618	exposure to Soman	CHEBI:9195
ECTO:9001619	exposure to polybromodiphenyl ether	CHEBI:134094
ECTO:9001620	exposure to perfluorinated compound	CHEBI:134091
ECTO:9001621	exposure to volatile organic compound	CHEBI:134179
ECTO:9001622	exposure to perfluorobutanesulfonic acid	CHEBI:132446
ECTO:9001623	exposure to perfluorohexanesulfonic acid	CHEBI:132448
ECTO:9001624	exposure to arsenocholine	CHEBI:134092
ECTO:9001625	exposure to polychlorinated dibenzodioxine	CHEBI:36682
ECTO:9001626	exposure to 1,3-dichloropropane	CHEBI:137978
ECTO:9001627	exposure to inorganic acid	CHEBI:138103
ECTO:9001628	exposure to gas molecular entity	CHEBI:138675
ECTO:9001629	exposure to 2-bromophenyl 2,4-dibromophenyl ether	CHEBI:138001
ECTO:9001630	exposure to endocrine disruptor	CHEBI:138015
ECTO:9001631	exposure to metalloid	CHEBI:137980
ECTO:9001632	exposure to 4-bromophenyl 2,4-dibromophenyl ether	CHEBI:138036
ECTO:9001633	exposure to 2,4-dibromophenyl 3,4-dibromophenyl ether	CHEBI:138038
ECTO:9001634	exposure to 2,4-dibromophenyl 2,3,4-tribromophenyl ether	CHEBI:138064
ECTO:9001635	exposure to 2,4-dibromophenyl 2,4,6-tribromophenyl ether	CHEBI:138065
ECTO:9001636	exposure to 2,2',4,4',5,5'-hexabromobiphenyl	CHEBI:134050
ECTO:9001637	exposure to perfluorooctanesulfonamide	CHEBI:138089
ECTO:9001638	exposure to trimethylarsine oxide	CHEBI:27131
ECTO:9001639	exposure to EC 2.7.7.7 (DNA-directed DNA polymerase) inhibitor	CHEBI:131699
ECTO:9001640	exposure to electron donor	CHEBI:15022
ECTO:9001641	exposure to electron acceptor	CHEBI:17654
ECTO:9001642	exposure to EC 2.5.1.19 (3-phosphoshikimate 1-carboxyvinyltransferase) inhibitor	CHEBI:20569
ECTO:9001644	exposure to acaricide	CHEBI:22153
ECTO:9001645	exposure to EC 2.2.1.6 (acetolactate synthase) inhibitor	CHEBI:22180
ECTO:9001647	exposure to antioxidant	CHEBI:22586
ECTO:9001648	exposure to antiviral agent	CHEBI:22587
ECTO:9001649	exposure to auxin	CHEBI:22676
ECTO:9001650	exposure to phytogenic insecticide	CHEBI:22917
ECTO:9001651	exposure to calcium ionophore	CHEBI:22986
ECTO:9001652	exposure to EC 4.2.1.1 (carbonic anhydrase) inhibitor	CHEBI:23018
ECTO:9001653	exposure to chromophore	CHEBI:23240
ECTO:9001654	exposure to coenzyme	CHEBI:23354
ECTO:9001655	exposure to cofactor	CHEBI:23357
ECTO:9001656	exposure to compatible osmolytes	CHEBI:23366
ECTO:9001657	exposure to cytokinin	CHEBI:23530
ECTO:9001658	exposure to defoliant	CHEBI:23582
ECTO:0000509	exposure to drug	CHEBI:23888
ECTO:9001660	exposure to ethylene releasers	CHEBI:24002
ECTO:9001661	exposure to fat-soluble vitamin	CHEBI:24020
ECTO:9001662	exposure to iron(3+) chelator	CHEBI:24028
ECTO:9001664	exposure to EC 6.3.1.2 (glutamate--ammonia ligase) inhibitor	CHEBI:24319
ECTO:0000516	exposure to hormone	CHEBI:24621
ECTO:9001668	exposure to intercalator	CHEBI:24853
ECTO:9001669	exposure to ionophore	CHEBI:24869
ECTO:9001670	exposure to jasmonates	CHEBI:24937
ECTO:0000522	exposure to mitochondrial respiratory-chain inhibitor	CHEBI:25355
ECTO:0000523	exposure to mutagen	CHEBI:25435
ECTO:0000524	exposure to mycotoxin	CHEBI:25442
ECTO:9001674	exposure to nematicide	CHEBI:25491
ECTO:0000526	exposure to neurotransmitter	CHEBI:25512
ECTO:9001676	exposure to neonicotinoid insectide	CHEBI:25540
ECTO:9001677	exposure to nucleoside antibiotic	CHEBI:25605
ECTO:9001678	exposure to osmolyte	CHEBI:25728
ECTO:9001680	exposure to pheromone	CHEBI:26013
ECTO:9001681	exposure to phytoalexin	CHEBI:26115
ECTO:9001682	exposure to biological pigment	CHEBI:26130
ECTO:9001683	exposure to prosthetic group	CHEBI:26348
ECTO:9001684	exposure to siderophore	CHEBI:26672
ECTO:9001685	exposure to synthetic auxin	CHEBI:26841
ECTO:0000537	exposure to toxin	CHEBI:27026
ECTO:9001687	exposure to micronutrient	CHEBI:27027
ECTO:9001688	exposure to volatile oil component	CHEBI:27311
ECTO:9001689	exposure to water-soluble vitamin	CHEBI:27314
ECTO:9001690	exposure to detergent	CHEBI:27780
ECTO:9001691	exposure to vitamin	CHEBI:33229
ECTO:0000543	exposure to molecular messenger	CHEBI:33280
ECTO:0000544	exposure to antimicrobial agent	CHEBI:33281
ECTO:9001694	exposure to antibacterial agent	CHEBI:33282
ECTO:9001695	exposure to nutrient	CHEBI:33284
ECTO:9001696	exposure to agrochemical	CHEBI:33286
ECTO:9001698	exposure to avicide	CHEBI:33289
ECTO:9001699	exposure to fuel	CHEBI:33292
ECTO:9001700	exposure to diagnostic agent	CHEBI:33295
ECTO:9001701	exposure to reagent	CHEBI:33893
ECTO:9001702	exposure to macronutrient	CHEBI:33937
ECTO:9001703	exposure to tracer	CHEBI:35204
ECTO:9001704	exposure to plant growth retardant	CHEBI:35219
ECTO:9001705	exposure to antimetabolite	CHEBI:35221
ECTO:0000557	exposure to inhibitor	CHEBI:35222
ECTO:9001707	exposure to catalyst	CHEBI:35223
ECTO:9001708	exposure to effector	CHEBI:35224
ECTO:9001709	exposure to fossil fuel	CHEBI:35230
ECTO:9001710	exposure to central nervous system stimulant	CHEBI:35337
ECTO:9001711	exposure to antiinfective agent	CHEBI:35441
ECTO:9001712	exposure to antiparasitic agent	CHEBI:35442
ECTO:9001713	exposure to anthelminthic drug	CHEBI:35443
ECTO:9001714	exposure to antinematodal drug	CHEBI:35444
ECTO:9001715	exposure to EC 3.4.15.1 (peptidyl-dipeptidase A) inhibitor	CHEBI:35457
ECTO:9001716	exposure to antidepressant	CHEBI:35469
ECTO:9001717	exposure to psychotropic drug	CHEBI:35471
ECTO:9001718	exposure to anti-inflammatory drug	CHEBI:35472
ECTO:9001719	exposure to anxiolytic drug	CHEBI:35474
ECTO:9001720	exposure to non-steroidal anti-inflammatory drug	CHEBI:35475
ECTO:9001721	exposure to antipsychotic agent	CHEBI:35476
ECTO:9001722	exposure to analgesic	CHEBI:35480
ECTO:9001723	exposure to non-narcotic analgesic	CHEBI:35481
ECTO:9001724	exposure to opioid analgesic	CHEBI:35482
ECTO:9001725	exposure to EC 1.2.1.3 [aldehyde dehydrogenase (NAD(+))] inhibitor	CHEBI:35487
ECTO:9001726	exposure to central nervous system depressant	CHEBI:35488
ECTO:9001727	exposure to antipyretic	CHEBI:35493
ECTO:9001728	exposure to diuretic	CHEBI:35498
ECTO:9001729	exposure to hallucinogen	CHEBI:35499
ECTO:9001730	exposure to beta-adrenergic agonist	CHEBI:35522
ECTO:9001731	exposure to bronchodilator agent	CHEBI:35523
ECTO:9001732	exposure to sympathomimetic agent	CHEBI:35524
ECTO:9001733	exposure to hypoglycemic agent	CHEBI:35526
ECTO:9001734	exposure to beta-adrenergic antagonist	CHEBI:35530
ECTO:9001735	exposure to EC 1.14.99.1 (prostaglandin-endoperoxide synthase) inhibitor	CHEBI:35544
ECTO:9001736	exposure to EC 3.1.3.48 (protein-tyrosine-phosphatase) inhibitor	CHEBI:35608
ECTO:9001737	exposure to antineoplastic agent	CHEBI:35610
ECTO:9001738	exposure to flavouring agent	CHEBI:35617
ECTO:0000590	exposure to vasodilator agent	CHEBI:35620
ECTO:9001740	exposure to anticonvulsant	CHEBI:35623
ECTO:9001741	exposure to EC 3.5.2.6 (beta-lactamase) inhibitor	CHEBI:35625
ECTO:9001742	exposure to adrenergic uptake inhibitor	CHEBI:35640
ECTO:9001743	exposure to hydroxymethylglutaryl-CoA reductase inhibitor	CHEBI:35664
ECTO:9001744	exposure to antihypertensive agent	CHEBI:35674
ECTO:9001745	exposure to antilipemic drug	CHEBI:35679
ECTO:9001746	exposure to xenobiotic	CHEBI:35703
ECTO:9001747	exposure to immunosuppressive agent	CHEBI:35705
ECTO:9001748	exposure to sedative	CHEBI:35717
ECTO:9001749	exposure to antifungal agent	CHEBI:35718
ECTO:9001750	exposure to coccidiostat	CHEBI:35818
ECTO:9001751	exposure to antiprotozoal drug	CHEBI:35820
ECTO:9001752	exposure to anticholesteremic drug	CHEBI:35821
ECTO:9001753	exposure to antirheumatic drug	CHEBI:35842
ECTO:9001754	exposure to lipoxygenase inhibitor	CHEBI:35856
ECTO:9001755	exposure to antimicrobial drug	CHEBI:36043
ECTO:9001756	exposure to antiviral drug	CHEBI:36044
ECTO:9001757	exposure to antibacterial drug	CHEBI:36047
ECTO:9001758	exposure to oxytocic	CHEBI:36063
ECTO:9001759	exposure to local anaesthetic	CHEBI:36333
ECTO:9001760	exposure to trypanocidal drug	CHEBI:36335
ECTO:9001761	exposure to EC 3.1.3.16 (phosphoprotein phosphatase) inhibitor	CHEBI:37153
ECTO:9001762	exposure to MRI contrast agent	CHEBI:37335
ECTO:9001763	exposure to protein kinase inhibitor	CHEBI:37699
ECTO:9001764	exposure to EC 2.7.11.13 (protein kinase C) inhibitor	CHEBI:37700
ECTO:9001765	exposure to EC 3.1.1.8 (cholinesterase) inhibitor	CHEBI:37733
ECTO:9001766	exposure to plant hormone	CHEBI:37848
ECTO:9001767	exposure to adrenergic antagonist	CHEBI:37887
ECTO:9001768	exposure to alpha-adrenergic antagonist	CHEBI:37890
ECTO:9001769	exposure to phenothiazine antipsychotic drug	CHEBI:37930
ECTO:9001770	exposure to H1-receptor antagonist	CHEBI:37955
ECTO:9001771	exposure to histamine antagonist	CHEBI:37956
ECTO:9001773	exposure to adrenergic agent	CHEBI:37962
ECTO:9001774	exposure to triazine insecticide	CHEBI:38060
ECTO:9001775	exposure to antimalarial	CHEBI:38068
ECTO:9001776	exposure to anti-arrhythmia drug	CHEBI:38070
ECTO:9001777	exposure to cardiotonic drug	CHEBI:38147
ECTO:9001778	exposure to phytosiderophore	CHEBI:38155
ECTO:9001779	exposure to iron chelator	CHEBI:38157
ECTO:9001780	exposure to chelator	CHEBI:38161
ECTO:9001781	exposure to calcium channel blocker	CHEBI:38215
ECTO:9001782	exposure to phytotoxin	CHEBI:38231
ECTO:9001783	exposure to muscarinic agonist	CHEBI:38325
ECTO:9001784	exposure to EC 3.1.1.7 (acetylcholinesterase) inhibitor	CHEBI:38462
ECTO:9001785	exposure to mitochondrial NADH:ubiquinone reductase inhibitor	CHEBI:38498
ECTO:0000637	exposure to EC 1.9.3.1 (cytochrome c oxidase) inhibitor	CHEBI:38500
ECTO:9001787	exposure to sodium channel blocker	CHEBI:38633
ECTO:9001788	exposure to tyrosine kinase inhibitor	CHEBI:38637
ECTO:9001789	exposure to pediculicide	CHEBI:38706
ECTO:9001790	exposure to calcium channel agonist	CHEBI:38807
ECTO:9001791	exposure to calcium channel modulator	CHEBI:38808
ECTO:9001792	exposure to ryanodine receptor modulator	CHEBI:38809
ECTO:9001793	exposure to anaesthetic	CHEBI:38867
ECTO:9001794	exposure to general anaesthetic	CHEBI:38869
ECTO:9001795	exposure to inhalation anaesthetic	CHEBI:38870
ECTO:9001796	exposure to intravenous anaesthetic	CHEBI:38877
ECTO:9001797	exposure to schistosomicide drug	CHEBI:38941
ECTO:9001798	exposure to GABA-gated chloride channel antagonist	CHEBI:38999
ECTO:0000650	exposure to Bronsted acid	CHEBI:39141
ECTO:9001800	exposure to bridged diphenyl acaricide	CHEBI:39412
ECTO:9001802	exposure to photosensitizing agent	CHEBI:47868
ECTO:9001803	exposure to nicotinic acetylcholine receptor agonist	CHEBI:47958
ECTO:9001804	exposure to protein synthesis inhibitor	CHEBI:48001
ECTO:9001805	exposure to antiseptic drug	CHEBI:48218
ECTO:0000657	exposure to disinfectant	CHEBI:48219
ECTO:9001807	exposure to serotonergic antagonist	CHEBI:48279
ECTO:9001808	exposure to fragrance	CHEBI:48318
ECTO:9001809	exposure to polar solvent	CHEBI:48354
ECTO:9001810	exposure to non-polar solvent	CHEBI:48355
ECTO:9001811	exposure to protic solvent	CHEBI:48356
ECTO:9001812	exposure to polar aprotic solvent	CHEBI:48358
ECTO:9001813	exposure to amphiprotic solvent	CHEBI:48360
ECTO:9001814	exposure to antiparkinson drug	CHEBI:48407
ECTO:9001815	exposure to angiogenesis inhibitor	CHEBI:48422
ECTO:9001816	exposure to EC 1.1.1.21 (aldehyde reductase) inhibitor	CHEBI:48550
ECTO:9001817	exposure to dopaminergic agent	CHEBI:48560
ECTO:9001818	exposure to dopaminergic antagonist	CHEBI:48561
ECTO:9001819	exposure to radical scavenger	CHEBI:48578
ECTO:9001820	exposure to fibrin modulating drug	CHEBI:48676
ECTO:0000672	exposure to agonist	CHEBI:48705
ECTO:9001822	exposure to antagonist	CHEBI:48706
ECTO:9001823	exposure to cholinergic antagonist	CHEBI:48873
ECTO:9001824	exposure to muscarinic antagonist	CHEBI:48876
ECTO:9001825	exposure to nicotinic antagonist	CHEBI:48878
ECTO:9001826	exposure to prostaglandin antagonist	CHEBI:49023
ECTO:9001827	exposure to drug metabolite	CHEBI:49103
ECTO:9001828	exposure to peripheral nervous system drug	CHEBI:49110
ECTO:9001829	exposure to anti-asthmatic drug	CHEBI:49167
ECTO:9001830	exposure to anti-ulcer drug	CHEBI:49201
ECTO:9001831	exposure to contraceptive drug	CHEBI:49323
ECTO:9001832	exposure to excitatory amino acid agonist	CHEBI:50103
ECTO:9001833	exposure to androgen	CHEBI:50113
ECTO:9001835	exposure to bronchoconstrictor agent	CHEBI:50141
ECTO:9001836	exposure to keratolytic drug	CHEBI:50176
ECTO:9001837	exposure to dermatologic drug	CHEBI:50177
ECTO:0000689	exposure to P450 inhibitor	CHEBI:50183
ECTO:9001839	exposure to EC 3.1.4.* (phosphoric diester hydrolase) inhibitor	CHEBI:50218
ECTO:9001840	exposure to antidote	CHEBI:50247
ECTO:9001841	exposure to hematologic agent	CHEBI:50248
ECTO:9001842	exposure to anticoagulant	CHEBI:50249
ECTO:9001843	exposure to prodrug	CHEBI:50266
ECTO:9001844	exposure to GABA modulator	CHEBI:50268
ECTO:9001845	exposure to EC 5.99.1.2 (DNA topoisomerase) inhibitor	CHEBI:50276
ECTO:9001846	exposure to parasympatholytic	CHEBI:50370
ECTO:9001847	exposure to EC 1.6.5.2 [NAD(P)H dehydrogenase (quinone)] inhibitor	CHEBI:50390
ECTO:0000699	exposure to probe	CHEBI:50406
ECTO:9001849	exposure to platelet aggregation inhibitor	CHEBI:50427
ECTO:9001850	exposure to EC 2.5.1.15 (dihydropteroate synthase) inhibitor	CHEBI:50502
ECTO:9001851	exposure to laxative	CHEBI:50503
ECTO:9001852	exposure to sweetening agent	CHEBI:50505
ECTO:9001853	exposure to potassium channel blocker	CHEBI:50509
ECTO:9001854	exposure to mydriatic agent	CHEBI:50513
ECTO:9001855	exposure to vasoconstrictor agent	CHEBI:50514
ECTO:9001856	exposure to protein denaturant	CHEBI:50533
ECTO:9001857	exposure to nitric oxide donor	CHEBI:50566
ECTO:9001858	exposure to cyclooxygenase 2 inhibitor	CHEBI:50629
ECTO:9001859	exposure to cyclooxygenase 1 inhibitor	CHEBI:50630
ECTO:9001860	exposure to bone density conservation agent	CHEBI:50646
ECTO:9001861	exposure to antithyroid drug	CHEBI:50671
ECTO:9001862	exposure to EC 1.5.1.3 (dihydrofolate reductase) inhibitor	CHEBI:50683
ECTO:9001863	exposure to cross-linking reagent	CHEBI:50684
ECTO:9001864	exposure to abortifacient	CHEBI:50691
ECTO:9001865	exposure to nutraceutical	CHEBI:50733
ECTO:9001866	exposure to antipsoriatic	CHEBI:50748
ECTO:9001867	exposure to EC 5.99.1.3 [DNA topoisomerase (ATP-hydrolysing)] inhibitor	CHEBI:50750
ECTO:9001868	exposure to appetite enhancer	CHEBI:50779
ECTO:9001869	exposure to immunomodulator	CHEBI:50846
ECTO:9001870	exposure to immunological adjuvant	CHEBI:50847
ECTO:9001871	exposure to antiatherogenic agent	CHEBI:50855
ECTO:9001872	exposure to anti-allergic agent	CHEBI:50857
ECTO:0000724	exposure to genotoxin	CHEBI:50902
ECTO:0000725	exposure to carcinogenic agent	CHEBI:50903
ECTO:0000726	exposure to allergen	CHEBI:50904
ECTO:9001876	exposure to teratogenic agent	CHEBI:50905
ECTO:9001877	exposure to hepatotoxic agent	CHEBI:50908
ECTO:9001878	exposure to nephrotoxic agent	CHEBI:50909
ECTO:0000730	exposure to neurotoxin	CHEBI:50910
ECTO:9001880	exposure to EC 2.7.1.137 (phosphatidylinositol 3-kinase) inhibitor	CHEBI:50914
ECTO:9001881	exposure to antiemetic	CHEBI:50919
ECTO:9001882	exposure to EC 2.7.11.1 (non-specific serine/threonine protein kinase) inhibitor	CHEBI:50925
ECTO:9001883	exposure to serotonin uptake inhibitor	CHEBI:50949
ECTO:9001884	exposure to dopamine uptake inhibitor	CHEBI:51039
ECTO:9001885	exposure to antitussive	CHEBI:51177
ECTO:9001886	exposure to muscle relaxant	CHEBI:51371
ECTO:0000738	exposure to ligand	CHEBI:52214
ECTO:9001888	exposure to mitogen	CHEBI:52290
ECTO:9001889	exposure to EC 3.2.1.18 (exo-alpha-sialidase) inhibitor	CHEBI:52425
ECTO:9001890	exposure to proteasome inhibitor	CHEBI:52726
ECTO:9001891	exposure to epitope	CHEBI:53000
ECTO:9001892	exposure to adenosine A2A receptor antagonist	CHEBI:53121
ECTO:9001893	exposure to GHB receptor agonist	CHEBI:53353
ECTO:9001894	exposure to EC 1.1.1.205 (IMP dehydrogenase) inhibitor	CHEBI:53746
ECTO:9001895	exposure to antispasmodic drug	CHEBI:53784
ECTO:9001896	exposure to mu-opioid receptor agonist	CHEBI:55322
ECTO:9001897	exposure to antidiarrhoeal drug	CHEBI:55323
ECTO:9001898	exposure to antigen	CHEBI:59132
ECTO:0000750	exposure to biomarker	CHEBI:59163
ECTO:9001900	exposure to hapten	CHEBI:59174
ECTO:9001901	exposure to DNA synthesis inhibitor	CHEBI:59517
ECTO:9001902	exposure to phosphoantigen	CHEBI:59544
ECTO:9001903	exposure to antipruritic drug	CHEBI:59683
ECTO:9001904	exposure to electrophilic reagent	CHEBI:59739
ECTO:9001905	exposure to nucleophilic reagent	CHEBI:59740
ECTO:9001906	exposure to progestin	CHEBI:59826
ECTO:9001907	exposure to EC 2.7.7.49 (RNA-directed DNA polymerase) inhibitor	CHEBI:59897
ECTO:9001908	exposure to EC 1.14.18.1 (tyrosinase) inhibitor	CHEBI:59997
ECTO:9001909	exposure to EC 3.6.3.8 (Ca(2+)-transporting ATPase) inhibitor	CHEBI:60186
ECTO:9001910	exposure to thyroid hormone	CHEBI:60311
ECTO:9001911	exposure to opioid receptor agonist	CHEBI:60606
ECTO:9001912	exposure to NMDA receptor antagonist	CHEBI:60643
ECTO:9001913	exposure to anaesthesia adjuvant	CHEBI:60807
ECTO:9001914	exposure to adjuvant	CHEBI:60809
ECTO:9001915	exposure to tubulin modulator	CHEBI:60832
ECTO:9001916	exposure to nephrotoxin	CHEBI:61015
ECTO:9001917	exposure to angiotensin receptor antagonist	CHEBI:61016
ECTO:9001918	exposure to EC 3.5.1.98 (histone deacetylase) inhibitor	CHEBI:61115
ECTO:9001919	exposure to EC 1.14.13.39 (nitric oxide synthase) inhibitor	CHEBI:61908
ECTO:9001920	exposure to microtubule-stabilising agent	CHEBI:61950
ECTO:9001921	exposure to microtubule-destabilising agent	CHEBI:61951
ECTO:9001922	exposure to metabotropic glutamate receptor agonist	CHEBI:61966
ECTO:9001923	exposure to acyl donor	CHEBI:62049
ECTO:9001924	exposure to allelochemical	CHEBI:62215
ECTO:0000776	exposure to signalling molecule	CHEBI:62488
ECTO:9001926	exposure to fuel additive	CHEBI:62803
ECTO:9001927	exposure to hepatoprotective agent	CHEBI:62868
ECTO:9001928	exposure to EC 1.2.3.1 (aldehyde oxidase) inhibitor	CHEBI:62872
ECTO:9001929	exposure to EC 2.4.2.30 (NAD(+) ADP-ribosyltransferase) inhibitor	CHEBI:62913
ECTO:9001930	exposure to food emulsifier	CHEBI:63047
ECTO:9001931	exposure to sphingosine-1-phosphate receptor agonist	CHEBI:63114
ECTO:9001932	exposure to EC 2.3.1.21 (carnitine O-palmitoyltransferase) inhibitor	CHEBI:63158
ECTO:9001933	exposure to T-cell proliferation inhibitor	CHEBI:63173
ECTO:9001934	exposure to reducing agent	CHEBI:63247
ECTO:9001935	exposure to oxidising agent	CHEBI:63248
ECTO:9001936	exposure to EC 3.1.3.1 (alkaline phosphatase) inhibitor	CHEBI:63332
ECTO:9001937	exposure to explosive	CHEBI:63490
ECTO:9001938	exposure to neuroprotective agent	CHEBI:63726
ECTO:9001939	exposure to retinoid X receptor agonist	CHEBI:63794
ECTO:9001940	exposure to Hsp90 inhibitor	CHEBI:63962
ECTO:9001941	exposure to protein kinase C agonist	CHEBI:64018
ECTO:9001942	exposure to food additive	CHEBI:64047
ECTO:9001943	exposure to food acidity regulator	CHEBI:64049
ECTO:9001944	exposure to EC 2.5.1.58 (protein farnesyltransferase) inhibitor	CHEBI:64133
ECTO:9001945	exposure to EC 2.7.8.15 (UDP-N-acetylglucosamine--dolichyl-phosphate N-acetylglucosaminephosphotransferase) inhibitor	CHEBI:64237
ECTO:9001946	exposure to MALDI matrix material	CHEBI:64345
ECTO:9001947	exposure to EC 3.4.22.38 (cathepsin K) inhibitor	CHEBI:64406
ECTO:9001948	exposure to EC 2.5.1.29 (geranylgeranyl diphosphate synthase) inhibitor	CHEBI:64411
ECTO:9001949	exposure to EC 1.3.1.43 (arogenate dehydrogenase) inhibitor	CHEBI:64416
ECTO:9001950	exposure to monolignol	CHEBI:64477
ECTO:9001951	exposure to EC 2.1.2.1 (glycine hydroxymethyltransferase) inhibitor	CHEBI:64570
ECTO:9001952	exposure to NMDA receptor agonist	CHEBI:64571
ECTO:9001953	exposure to flour treatment agent	CHEBI:64577
ECTO:9001954	exposure to uremic toxin	CHEBI:64584
ECTO:9001955	exposure to glycine transporter 1 inhibitor	CHEBI:64588
ECTO:9001956	exposure to glycine receptor agonist	CHEBI:64589
ECTO:9001957	exposure to EC 1.8.1.9 (thioredoxin reductase) inhibitor	CHEBI:64670
ECTO:9001958	exposure to EC 3.1.4.11 (phosphoinositide phospholipase C) inhibitor	CHEBI:64763
ECTO:9001959	exposure to antimitotic	CHEBI:64911
ECTO:9001960	exposure to antimycobacterial drug	CHEBI:64912
ECTO:9001961	exposure to serine protease inhibitor	CHEBI:64926
ECTO:9001962	exposure to anti-HIV agent	CHEBI:64946
ECTO:9001963	exposure to anti-HSV-1 agent	CHEBI:64953
ECTO:9001964	exposure to EC 1.13.11.34 (arachidonate 5-lipoxygenase) inhibitor	CHEBI:64964
ECTO:9001965	exposure to EC 1.13.11.33 (arachidonate 15-lipoxygenase) inhibitor	CHEBI:64996
ECTO:9001966	exposure to EC 3.1.1.3 (triacylglycerol lipase) inhibitor	CHEBI:65001
ECTO:9001967	exposure to EC 4.1.1.19 (arginine decarboxylase) inhibitor	CHEBI:65053
ECTO:9001968	exposure to EC 3.1.3.11 (fructose-bisphosphatase) inhibitor	CHEBI:65056
ECTO:9001969	exposure to adenosine A1 receptor agonist	CHEBI:65057
ECTO:9001970	exposure to EC 2.1.1.79 (cyclopropane-fatty-acyl-phospholipid synthase) inhibitor	CHEBI:65064
ECTO:9001971	exposure to EC 2.1.1.72 [site-specific DNA-methyltransferase (adenine-specific)] inhibitor	CHEBI:65065
ECTO:9001972	exposure to first generation antipsychotic	CHEBI:65190
ECTO:9001973	exposure to second generation antipsychotic	CHEBI:65191
ECTO:9001974	exposure to EC 3.4.21.5 (thrombin) inhibitor	CHEBI:65232
ECTO:9001975	exposure to antimicrobial food preservative	CHEBI:65256
ECTO:9001976	exposure to GABA antagonist	CHEBI:65259
ECTO:9001977	exposure to antidyskinesia agent	CHEBI:66956
ECTO:9001978	exposure to nootropic agent	CHEBI:66980
ECTO:9001979	exposure to radiation protective agent	CHEBI:66987
ECTO:9001980	exposure to tocolytic agent	CHEBI:66993
ECTO:9001981	exposure to cannabinoid receptor agonist	CHEBI:67072
ECTO:9001982	exposure to anti-inflammatory agent	CHEBI:67079
ECTO:9001983	exposure to ryanodine receptor agonist	CHEBI:67114
ECTO:9001984	exposure to EC 3.4.24.3 (microbial collagenase) inhibitor	CHEBI:67189
ECTO:9001985	exposure to gap junctional intercellular communication inhibitor	CHEBI:67195
ECTO:9001986	exposure to retinoic acid receptor agonist	CHEBI:67198
ECTO:9001987	exposure to AP-1 antagonist	CHEBI:67199
ECTO:9001988	exposure to provitamin A	CHEBI:67200
ECTO:9001989	exposure to mTOR inhibitor	CHEBI:68481
ECTO:9001990	exposure to apoptosis inhibitor	CHEBI:68494
ECTO:9001991	exposure to apoptosis inducer	CHEBI:68495
ECTO:9001992	exposure to glutathione depleting agent	CHEBI:68509
ECTO:9001993	exposure to P2Y12 receptor antagonist	CHEBI:68563
ECTO:9001994	exposure to progesterone receptor agonist	CHEBI:70709
ECTO:9001995	exposure to cell dedifferentiation agent	CHEBI:70724
ECTO:9001996	exposure to adenosine A3 receptor antagonist	CHEBI:70725
ECTO:9001997	exposure to actin polymerisation inhibitor	CHEBI:70728
ECTO:9001998	exposure to Aurora kinase inhibitor	CHEBI:70770
ECTO:9001999	exposure to capsaicin receptor antagonist	CHEBI:70774
ECTO:9002000	exposure to PPARalpha agonist	CHEBI:70782
ECTO:9002001	exposure to EC 1.2.1.12 [glyceraldehyde-3-phosphate dehydrogenase (phosphorylating)] inhibitor	CHEBI:70817
ECTO:9002002	exposure to antileishmanial agent	CHEBI:70868
ECTO:9002003	exposure to G-protein-coupled receptor agonist	CHEBI:70998
ECTO:9002004	exposure to Sir2 inhibitor	CHEBI:71181
ECTO:9002005	exposure to prohormone	CHEBI:71212
ECTO:9002006	exposure to adenosine receptor antagonist	CHEBI:71232
ECTO:9002007	exposure to EC 2.3.1.85 (fatty acid synthase) inhibitor	CHEBI:71476
ECTO:9002008	exposure to virulence factor	CHEBI:72316
ECTO:9002009	exposure to aryl hydrocarbon receptor agonist	CHEBI:72768
ECTO:9002010	exposure to EC 1.11.1.11 (L-ascorbate peroxidase) inhibitors	CHEBI:73181
ECTO:9002011	exposure to plant activator	CHEBI:73182
ECTO:9002012	exposure to abscisic acid receptor agonist	CHEBI:73191
ECTO:9002013	exposure to NF-kappaB inhibitor	CHEBI:73240
ECTO:9002014	exposure to cyclooxygenase 3 inhibitor	CHEBI:73263
ECTO:9002015	exposure to ultraviolet filter	CHEBI:73335
ECTO:9002016	exposure to vulnerary	CHEBI:73336
ECTO:9002017	exposure to methionine aminopeptidase 2 inhibitor	CHEBI:73361
ECTO:9002018	exposure to EC 1.17.4.1 (ribonucleoside-diphosphate reductase) inhibitor	CHEBI:74213
ECTO:9002019	exposure to antidote to paracetamol poisoning	CHEBI:74529
ECTO:9002020	exposure to antidote to curare poisoning	CHEBI:74530
ECTO:9002021	exposure to astringent	CHEBI:74783
ECTO:9002022	exposure to chromogenic compound	CHEBI:75050
ECTO:9002023	exposure to EC 5.4.3.2 (lysine 2,3-aminomutase) inhibitor	CHEBI:75190
ECTO:9002024	exposure to ergosterol biosynthesis inhibitor	CHEBI:75282
ECTO:9002025	exposure to EC 1.11.1.6 (catalase) inhibitor	CHEBI:75380
ECTO:9002026	exposure to B vitamin	CHEBI:75769
ECTO:9002027	exposure to xenobiotic metabolite	CHEBI:76206
ECTO:9002028	exposure to greenhouse gas	CHEBI:76413
ECTO:9002029	exposure to nephroprotective agent	CHEBI:76595
ECTO:9002030	exposure to EC 2.7.10.2 (non-specific protein-tyrosine kinase) inhibitor	CHEBI:76617
ECTO:9002031	exposure to EC 3.4.21.26 (prolyl oligopeptidase) inhibitor	CHEBI:76779
ECTO:9002032	exposure to EC 2.5.1.18 (glutathione transferase) inhibitor	CHEBI:76797
ECTO:9002033	exposure to EC 3.1.4.12 (sphingomyelin phosphodiesterase) inhibitor	CHEBI:76811
ECTO:9002034	exposure to EC 3.4.11.14 (cytosol alanyl aminopeptidase) inhibitor	CHEBI:76891
ECTO:9002035	exposure to EC 3.4.14.2 (dipeptidyl-peptidase II) inhibitor	CHEBI:76893
ECTO:9002036	exposure to xenoestrogen	CHEBI:76988
ECTO:9002037	exposure to phytoestrogen	CHEBI:76989
ECTO:9002038	exposure to EC 1.10.99.2 [ribosyldihydronicotinamide dehydrogenase (quinone)] inhibitor	CHEBI:77020
ECTO:9002039	exposure to EC 3.1.3.41 (4-nitrophenylphosphatase) inhibitor	CHEBI:77024
ECTO:9002040	exposure to expectorant	CHEBI:77035
ECTO:9002041	exposure to EC 2.1.1.116 [3'-hydroxy-N-methyl-(S)-coclaurine 4'-O-methyltransferase] inhibitor	CHEBI:77111
ECTO:9002042	exposure to EC 1.1.1.189 (prostaglandin-E2 9-reductase) inhibitor	CHEBI:77119
ECTO:9002043	exposure to histological dye	CHEBI:77178
ECTO:9002044	exposure to food colouring	CHEBI:77182
ECTO:9002045	exposure to EC 3.4.24.83 (anthrax lethal factor endopeptidase) inhibitor	CHEBI:77255
ECTO:9002046	exposure to cardioprotective agent	CHEBI:77307
ECTO:9002047	exposure to EC 1.1.1.188 (prostaglandin-F synthase) inhibitor	CHEBI:77425
ECTO:9002048	exposure to EC 1.1.1.25 (shikimate dehydrogenase) inhibitor	CHEBI:77484
ECTO:9002049	exposure to Maillard reaction product	CHEBI:77523
ECTO:9002050	exposure to EC 1.1.1.267 (1-deoxy-D-xylulose-5-phosphate reductoisomerase) inhibitor	CHEBI:77654
ECTO:9002051	exposure to EC 4.3.1.3 (histidine ammonia-lyase) inhibitor	CHEBI:77703
ECTO:9002052	exposure to EC 3.4.19.3 (pyroglutamyl-peptidase I) inhibitor	CHEBI:77706
ECTO:9002053	exposure to persistent organic pollutant	CHEBI:77853
ECTO:9002054	exposure to EC 4.3.1.15 (diaminopropionate ammonia-lyase) inhibitor	CHEBI:77881
ECTO:0000922	exposure to EC 3.5.1.4 (amidase) inhibitor	CHEBI:77941
ECTO:9002056	exposure to food antioxidant	CHEBI:77962
ECTO:9002057	exposure to food stabiliser	CHEBI:77966
ECTO:9002058	exposure to food thickening agent	CHEBI:77970
ECTO:9002059	exposure to food packaging gas	CHEBI:77974
ECTO:9002060	exposure to food bleaching agent	CHEBI:78003
ECTO:9002061	exposure to food gelling agent	CHEBI:78016
ECTO:9002062	exposure to food propellant	CHEBI:78017
ECTO:9002063	exposure to food component	CHEBI:78295
ECTO:0000931	exposure to environmental contaminant	CHEBI:78298
ECTO:9002065	exposure to EC 2.7.1.1 (hexokinase) inhibitor	CHEBI:78366
ECTO:9002066	exposure to refrigerant	CHEBI:78433
ECTO:9002067	exposure to EC 3.1.1.1 (carboxylesterase) inhibitor	CHEBI:78444
ECTO:9002068	exposure to protein kinase A agonist	CHEBI:78547
ECTO:9002069	exposure to adenylate cyclase agonist	CHEBI:78548
ECTO:9002070	exposure to fundamental metabolite	CHEBI:78675
ECTO:9002071	exposure to plasticiser	CHEBI:79056
ECTO:9002072	exposure to phytochrome chromophore	CHEBI:82632
ECTO:9002073	exposure to EC 3.5.1.19 (nicotinamidase) inhibitor	CHEBI:84264
ECTO:9002074	exposure to skin lightening agent	CHEBI:85046
ECTO:9002075	exposure to EC 1.10.3.1 (catechol oxidase) inhibitor	CHEBI:85049
ECTO:9002076	exposure to EC 1.10.3.2 (laccase) inhibitor	CHEBI:85050
ECTO:9002077	exposure to EC 1.13.11.24 (quercetin 2,3-dioxygenase) inhibitor	CHEBI:85051
ECTO:9002078	exposure to EC 1.4.3.3 (D-amino-acid oxidase) inhibitor	CHEBI:85052
ECTO:9002079	exposure to human blood serum metabolite	CHEBI:85234
ECTO:9002080	exposure to antifungal drug	CHEBI:86327
ECTO:9002081	exposure to antifungal agrochemical	CHEBI:86328
ECTO:9002082	exposure to drug allergen	CHEBI:88188
ECTO:9002083	exposure to autophagy inhibitor	CHEBI:88230
ECTO:9002084	exposure to EC 6.4.1.1 (pyruvate carboxylase) inhibitor	CHEBI:90318
ECTO:9002085	exposure to erythropoietin inhibitor	CHEBI:91025
ECTO:9002086	exposure to elastin-laminin receptor agonist	CHEBI:91139
ECTO:9002087	exposure to antifeedant	CHEBI:22583
ECTO:9002088	exposure to chemosterilant	CHEBI:23092
ECTO:9002089	exposure to chitin synthesis inhibitor	CHEBI:23100
ECTO:9002090	exposure to cytochrome-b6f complex inhibitor	CHEBI:23529
ECTO:9002091	exposure to ecdysone antagonists	CHEBI:23891
ECTO:9002092	exposure to insect attractant	CHEBI:24850
ECTO:9002093	exposure to insect growth regulator	CHEBI:24851
ECTO:9002094	exposure to juvenile hormone antagonists	CHEBI:24941
ECTO:9002095	exposure to juvenile hormone mimic	CHEBI:24942
ECTO:9002096	exposure to pesticide synergist	CHEBI:25943
ECTO:9002097	exposure to photosynthetic electron-transport chain inhibitor	CHEBI:26087
ECTO:9002098	exposure to photosystem-I inhibitor	CHEBI:26088
ECTO:9002099	exposure to photosystem-II inhibitor	CHEBI:26089
ECTO:9002100	exposure to precocenes	CHEBI:26220
ECTO:9002101	exposure to pyrethroid insecticide	CHEBI:26413
ECTO:9002102	exposure to molluscicide	CHEBI:33904
ECTO:9002103	exposure to acaricide drug	CHEBI:36053
ECTO:9002104	exposure to ecdysone agonist	CHEBI:38456
ECTO:9002105	exposure to carbamate insecticide	CHEBI:38461
ECTO:9002106	exposure to pyrethroid ester insecticide	CHEBI:39116
ECTO:9002107	exposure to antibiotic insecticide	CHEBI:39208
ECTO:9002108	exposure to antibiotic pesticide	CHEBI:39215
ECTO:9002109	exposure to antibiotic acaricide	CHEBI:39216
ECTO:9002110	exposure to antibiotic nematicide	CHEBI:39217
ECTO:9002111	exposure to pyrethroid ester acaricide	CHEBI:39259
ECTO:9002112	exposure to fumigant	CHEBI:39276
ECTO:9002113	exposure to fumigant insecticide	CHEBI:39277
ECTO:9002114	exposure to sulfite ester acaricide	CHEBI:39301
ECTO:9002115	exposure to mite growth regulator	CHEBI:39316
ECTO:9002116	exposure to tetrazine acaricide	CHEBI:39318
ECTO:9002117	exposure to pyrethroid ether insecticide	CHEBI:39351
ECTO:9002118	exposure to pyrethroid ether acaricide	CHEBI:39369
ECTO:9002119	exposure to homopteran inhibitor of chitin biosynthesis	CHEBI:39378
ECTO:9002120	exposure to lepidopteran inhibitor of chitin biosynthesis	CHEBI:39379
ECTO:9002121	exposure to dinitrophenol insecticide	CHEBI:39415
ECTO:9002122	exposure to antifouling biocide	CHEBI:51076
ECTO:9002123	exposure to insect sterilant	CHEBI:67105
ECTO:9002124	exposure to insect repellent	CHEBI:71692
ECTO:9002125	exposure to scabicide	CHEBI:73333
ECTO:9002126	exposure to environmental food contaminant	CHEBI:78299
ECTO:9002127	exposure to sex hormone	CHEBI:50112
ECTO:9002128	exposure to mu-opioid receptor antagonist	CHEBI:50137
ECTO:9002129	exposure to neurotransmitter agent	CHEBI:35942
ECTO:9002130	exposure to food preservative	CHEBI:65255
ECTO:9002131	exposure to flame retardant	CHEBI:79314
ECTO:9002132	exposure to methane	CHEBI:16183
ECTO:9002133	exposure to protein	CHEBI:36080
ECTO:9002134	exposure to low-density lipoprotein	CHEBI:39026
ECTO:9002135	exposure to high-density lipoprotein	CHEBI:39025
ECTO:9002136	exposure to urea	CHEBI:16199
ECTO:9002137	exposure to anilofos	CHEBI:81728
ECTO:9002138	exposure to glyphosate	CHEBI:27744
ECTO:9002139	exposure to nitrile	CHEBI:18379
ECTO:0000485	exposure to chemical with biological effect	CHEBI:24432
ECTO:0000486	exposure to chemical with application	CHEBI:33232
ECTO:0000487	exposure to chemical with chemical role	CHEBI:51086
ECTO:0000496	exposure to alkylating agent	CHEBI:22333
ECTO:9002141	exposure to neoprene	CHEBI:60505
ECTO:9002142	exposure to epoxy	CHEBI:30721
ECTO:9002143	exposure to polymides	CHEBI:61484
ECTO:9002146	exposure to acids	CHEBI:37527
ECTO:9002147	exposure to chlorinated naphthalene	CHEBI:156062
ECTO:9002148	exposure to polycyclic hydrocarbon	CHEBI:33666
ECTO:9002149	exposure to oral contraceptive	CHEBI:49325
ECTO:9002150	exposure to poly(ethylene-co-vinyl acetate)	CHEBI:166881
ECTO:9002151	exposure to niacin(b3)	CHEBI:15940
ECTO:9002152	exposure to pantothenic acid	CHEBI:7916
ECTO:9002153	exposure to isocyanates	CHEBI:53212
ECTO:9002154	exposure to hematite	CHEBI:50818
ECTO:9002155	exposure to chlorobiphenyl	CHEBI:35446
ECTO:9002156	exposure to glycol	CHEBI:13643
ECTO:9002157	exposure to 1,2,5,6,9,10-hexabromocyclododecane	CHEBI:134063
ECTO:9002158	exposure to warfarin	CHEBI:10033
ECTO:9002159	exposure to polyfluoroalkyl substance	CHEBI:172406
ECTO:9002160	exposure to perfluoroalkyl substance	CHEBI:172397
ECTO:9002161	exposure to glycol ether	CHEBI:172390
ECTO:9002162	exposure to brominated flame retardant	CHEBI:172368
ECTO:9002163	exposure to heavy metal	CHEBI:5631
ECTO:9002164	exposure to desflurane	CHEBI:4445
ECTO:9002165	exposure to sevoflurane	CHEBI:9130
ECTO:9002166	exposure to isoflurane	CHEBI:6015
ECTO:9002168	exposure to aldehyde	CHEBI:17478
ECTO:9002169	exposure to vitamin B complex	CHEBI:75782
ECTO:9002170	exposure to phosmet	CHEBI:38786
ECTO:9002171	exposure to carbon black	CHEBI:82297
ECTO:9002172	exposure to 2-nitrofluorene	CHEBI:1224
ECTO:9002173	exposure to caesium atom	CHEBI:30514
ECTO:9002174	exposure to urea herbicide	CHEBI:188147
ECTO:9002175	exposure to organophosphorus herbicide	CHEBI:188148
ECTO:9002176	exposure to nitrile herbicide	CHEBI:188149
ECTO:9002177	exposure to anticoagulant rodenticide	CHEBI:188151
ECTO:9002178	exposure to butylparaben	CHEBI:88542
ECTO:9002179	exposure to Triton X-100	CHEBI:9750
ECTO:9002180	exposure to 1-methyl-4-imidazoleacetic acid	CHEBI:1606
ECTO:9002181	exposure to 1-ethyl-beta-carboline-3-carboxylic acid	CHEBI:225519
ECTO:9002182	exposure to 1-methylcyclopropene	CHEBI:132592
ECTO:9002183	exposure to 1-naphthaleneacetic acid	CHEBI:32918
ECTO:9002184	exposure to hexadecane	CHEBI:45296
ECTO:9002185	exposure to hexadecanoic acid	CHEBI:15756
ECTO:9002186	exposure to L-tyrosine	CHEBI:17895
ECTO:9002187	exposure to butane-2,3-diol	CHEBI:62064
ECTO:9002188	exposure to 2,4,6-trinitrobenzenesulfonic acid	CHEBI:53063
ECTO:9002189	exposure to 2-amino-4,6-dinitrotoluene	CHEBI:19452
ECTO:9002190	exposure to 2-deoxy-D-glucose	CHEBI:15866
ECTO:9002191	exposure to 2-hydroxy-3-methylbutyrate	CHEBI:64669
ECTO:9002192	exposure to 2-hydroxyglutarate(2-)	CHEBI:11596
ECTO:9002193	exposure to 2-phenylethanol	CHEBI:49000
ECTO:9002194	exposure to L-Fucp-(1->2)-[D-Galp-(1->3)]-D-Galp	CHEBI:146144
ECTO:9002195	exposure to 3,4-dihydroxybenzaldehyde	CHEBI:50205
ECTO:9002196	exposure to 3,5,6-trichloro-2-pyridinol	CHEBI:143794
ECTO:9002197	exposure to oxazolo[4,5-b]pyridin-2(3H)-one	CHEBI:38580
ECTO:9002198	exposure to 3-isobutyl-1-methylxanthine	CHEBI:48518
ECTO:9002199	exposure to 3-methyladenine	CHEBI:38635
ECTO:9002200	exposure to 3-phenylpropionic acid	CHEBI:28631
ECTO:9002201	exposure to 3',4',5-trihydroxy-3,7-dimethoxyflavone(1-)	CHEBI:77710
ECTO:9002202	exposure to 4-guanidinobutyric acid	CHEBI:86564
ECTO:9002203	exposure to 4-hydroxynonenal	CHEBI:142593
ECTO:9002204	exposure to 4-hydroxytamoxifen	CHEBI:231618
ECTO:9002205	exposure to 4-Octyl itaconate	CHEBI:233645
ECTO:9002206	exposure to doxifluridine	CHEBI:31521
ECTO:9002207	exposure to 5-aminolevulinic acid	CHEBI:17549
ECTO:9002208	exposure to 5-fluoroindole	CHEBI:72818
ECTO:9002209	exposure to 6-ketolithocholic acid	CHEBI:139133
ECTO:9002210	exposure to mercaptopurine	CHEBI:50667
ECTO:9002211	exposure to poly(styrene) nanoparticle	CHEBI:134403
ECTO:9002212	exposure to tritiated thymidine	CHEBI:53526
ECTO:9002213	exposure to pyrabactin	CHEBI:73159
ECTO:9002214	exposure to abacavir	CHEBI:421707
ECTO:9002215	exposure to abiraterone acetate	CHEBI:68639
ECTO:9002216	exposure to acetoin	CHEBI:15688
ECTO:9002217	exposure to Acoziborole	CHEBI:183111
ECTO:9002218	exposure to ammonium salt	CHEBI:47704
ECTO:9002219	exposure to indole-3-acetic acid	CHEBI:16411
ECTO:9002220	exposure to adenine	CHEBI:16708
ECTO:9002221	exposure to adenosine	CHEBI:16335
ECTO:9002222	exposure to anastrozole	CHEBI:2704
ECTO:9002223	exposure to tamoxifen	CHEBI:41774
ECTO:9002224	exposure to agmatine	CHEBI:17431
ECTO:9002225	exposure to agomelatine	CHEBI:134990
ECTO:9002226	exposure to allantoin	CHEBI:15676
ECTO:9002227	exposure to allicin	CHEBI:28411
ECTO:9002228	exposure to allopurinol	CHEBI:40279
ECTO:9002229	exposure to alpha-amanitin	CHEBI:37415
ECTO:9002230	exposure to aluminium(3+)	CHEBI:49470
ECTO:9002231	exposure to aminoglycoside antibiotic	CHEBI:22507
ECTO:9002232	exposure to amoxicillin	CHEBI:2676
ECTO:9002233	exposure to nanoparticle	CHEBI:50803
ECTO:9002234	exposure to Amphotericin B	CHEBI:2682
ECTO:9002235	exposure to ampicillin	CHEBI:28971
ECTO:9002236	exposure to ampicillin trihydrate	CHEBI:31209
ECTO:9002237	exposure to anthracycline	CHEBI:48120
ECTO:9002238	exposure to escitalopram hydrobromide	CHEBI:77423
ECTO:9002239	exposure to valproate semisodium	CHEBI:4667
ECTO:9002240	exposure to 6-propyl-2-thiouracil	CHEBI:8502
ECTO:9002241	exposure to benzoxaborole	CHEBI:78240
ECTO:9002242	exposure to arginine	CHEBI:29016
ECTO:9002243	exposure to aripiprazole	CHEBI:31236
ECTO:9002244	exposure to aristolochic acid A	CHEBI:2825
ECTO:9002245	exposure to arsenate(3-)	CHEBI:29125
ECTO:9002246	exposure to diarsenic trioxide	CHEBI:30621
ECTO:9002247	exposure to artemether	CHEBI:195280
ECTO:9002248	exposure to (+)-artemisinin	CHEBI:223316
ECTO:9002249	exposure to 4-[4-(dimethylamino)styryl]-N-methylpyridinium	CHEBI:72542
ECTO:9002250	exposure to ceralasertib	CHEBI:231342
ECTO:9002251	exposure to auranofin	CHEBI:2922
ECTO:9002252	exposure to avobenzone	CHEBI:134751
ECTO:9002253	exposure to axitinib	CHEBI:66910
ECTO:9002254	exposure to 5-azacytidine	CHEBI:2038
ECTO:9002255	exposure to AZD4573	CHEBI:233359
ECTO:9002256	exposure to bafilomycin A1	CHEBI:22689
ECTO:9002257	exposure to benznidazole	CHEBI:133833
ECTO:9002258	exposure to acibenzolar-S-methyl	CHEBI:73178
ECTO:9002259	exposure to berberine	CHEBI:16118
ECTO:9002260	exposure to bisphenol F	CHEBI:34575
ECTO:9002261	exposure to bortezomib	CHEBI:52717
ECTO:9002262	exposure to budesonide	CHEBI:3207
ECTO:9002263	exposure to Butylbenzyl phthalate	CHEBI:34595
ECTO:9002264	exposure to cabozantinib	CHEBI:72317
ECTO:9002265	exposure to cadaverine	CHEBI:18127
ECTO:9002266	exposure to cadmium atom	CHEBI:22977
ECTO:9002267	exposure to cadmium(2+)	CHEBI:48775
ECTO:9002268	exposure to cadmium dichloride	CHEBI:35456
ECTO:9002269	exposure to caffeic acid	CHEBI:36281
ECTO:9002270	exposure to capecitabine	CHEBI:31348
ECTO:9002271	exposure to polybutylene adipate terephthalate	CHEBI:194148
ECTO:9002272	exposure to caspofungin acetate	CHEBI:59900
ECTO:9002273	exposure to palbociclib	CHEBI:85993
ECTO:9002274	exposure to cadmium selenide nanoparticle	CHEBI:50835
ECTO:9002275	exposure to cefotaxime(1-)	CHEBI:53670
ECTO:9002276	exposure to ceftazidime	CHEBI:3508
ECTO:9002277	exposure to celastrol	CHEBI:63959
ECTO:9002278	exposure to celecoxib	CHEBI:41423
ECTO:9002279	exposure to cellobiose	CHEBI:17057
ECTO:9002280	exposure to cerivastatin(1-)	CHEBI:406059
ECTO:9002281	exposure to caesium(1+)	CHEBI:49547
ECTO:9002282	exposure to chidamide	CHEBI:135918
ECTO:9002283	exposure to CHIR-090	CHEBI:134107
ECTO:9002284	exposure to chlorambucil	CHEBI:28830
ECTO:9002285	exposure to Chloramine	CHEBI:82415
ECTO:9002286	exposure to chlordecone alcohol	CHEBI:17184
ECTO:9002287	exposure to chlorthalidone	CHEBI:3654
ECTO:9002288	exposure to ionic liquid	CHEBI:63895
ECTO:9002289	exposure to chromium(3+)	CHEBI:49544
ECTO:9002290	exposure to D-alanine	CHEBI:15570
ECTO:9002291	exposure to CHZ868	CHEBI:90828
ECTO:9002292	exposure to essential oil	CHEBI:83630
ECTO:9002293	exposure to citrate anion	CHEBI:133748
ECTO:9002294	exposure to citric acid	CHEBI:30769
ECTO:9002295	exposure to cladribine	CHEBI:567361
ECTO:9002296	exposure to clenbuterol	CHEBI:174690
ECTO:9002297	exposure to clonidine	CHEBI:46631
ECTO:9002298	exposure to cobalt dichloride	CHEBI:35696
ECTO:9002299	exposure to coenzyme A	CHEBI:15346
ECTO:9002300	exposure to colchicine	CHEBI:23359
ECTO:9002301	exposure to colibactin	CHEBI:156303
ECTO:9002302	exposure to colistin	CHEBI:37943
ECTO:9002303	exposure to rosiglitazone	CHEBI:50122
ECTO:9002304	exposure to GW405833	CHEBI:92184
ECTO:9002305	exposure to Urolithin B	CHEBI:166606
ECTO:9002306	exposure to puerarin	CHEBI:8633
ECTO:9002307	exposure to coniferyl aldehyde	CHEBI:16547
ECTO:9002308	exposure to trametinib	CHEBI:75998
ECTO:9002309	exposure to copper atom	CHEBI:28694
ECTO:9002310	exposure to copper(II) sulfate	CHEBI:23414
ECTO:9002311	exposure to coumaric acid	CHEBI:23401
ECTO:9002312	exposure to crizotinib	CHEBI:64310
ECTO:9002313	exposure to copper(II) chloride	CHEBI:49553
ECTO:9002314	exposure to cyclosporin A	CHEBI:4031
ECTO:9002315	exposure to cypermethrin	CHEBI:4042
ECTO:9002316	exposure to cyromazine	CHEBI:30260
ECTO:9002317	exposure to cysteamine	CHEBI:17141
ECTO:9002318	exposure to cysteamine bitartrate	CHEBI:50386
ECTO:9002319	exposure to 9-(beta-D-glucosyl)-trans-zeatin	CHEBI:133210
ECTO:9002320	exposure to D-galactose	CHEBI:12936
ECTO:9002321	exposure to dabigatran	CHEBI:70752
ECTO:9002322	exposure to dabrafenib	CHEBI:75045
ECTO:9002324	exposure to daptomycin	CHEBI:600103
ECTO:9002325	exposure to dasatinib (anhydrous)	CHEBI:49375
ECTO:9002326	exposure to daunorubicin	CHEBI:41977
ECTO:9002327	exposure to dehydroascorbic acid	CHEBI:17242
ECTO:9002328	exposure to deoxyartemisinin	CHEBI:234135
ECTO:9002329	exposure to deoxycholate	CHEBI:23614
ECTO:9002330	exposure to deoxynivalenol	CHEBI:10022
ECTO:9002331	exposure to deuterium atom	CHEBI:29237
ECTO:9002332	exposure to dexmedetomidine	CHEBI:4466
ECTO:9002333	exposure to dextran sulfate sodium	CHEBI:191875
ECTO:9002334	exposure to 17beta-hydroxy-5alpha-androstan-3-one	CHEBI:16330
ECTO:9002335	exposure to diallyl disulfide	CHEBI:4488
ECTO:9002336	exposure to Diallyltetrasulfane	CHEBI:177763
ECTO:9002337	exposure to glucosinolate	CHEBI:24279
ECTO:9002338	exposure to nucleotide	CHEBI:36976
ECTO:9002339	exposure to soyasaponin III(1-)	CHEBI:62911
ECTO:9002340	exposure to dihydroartemisinin	CHEBI:207229
ECTO:9002341	exposure to Dinoterb	CHEBI:81883
ECTO:9002342	exposure to silver(1+)	CHEBI:49468
ECTO:9002343	exposure to all-cis-docosa-4,7,10,13,16,19-hexaenoic acid	CHEBI:28125
ECTO:9002344	exposure to doxycycline	CHEBI:50845
ECTO:9002345	exposure to DTAGv-1	CHEBI:233323
ECTO:9002346	exposure to duloxetine	CHEBI:36796
ECTO:9002347	exposure to EDTA monocalcium diisodium salt	CHEBI:4757
ECTO:9002348	exposure to eflornithine hydrochloride monohydrate	CHEBI:4762
ECTO:9002349	exposure to eflornithine	CHEBI:41948
ECTO:9002350	exposure to erlotinib	CHEBI:114785
ECTO:9002351	exposure to all-cis-5,8,11,14,17-icosapentaenoic acid	CHEBI:28364
ECTO:9002352	exposure to succinate	CHEBI:26806
ECTO:9002353	exposure to empagliflozin	CHEBI:82720
ECTO:9002354	exposure to entecavir (anhydrous)	CHEBI:473990
ECTO:9002355	exposure to arsenic atom	CHEBI:27563
ECTO:9002356	exposure to epirubicin hydrochloride	CHEBI:232543
ECTO:9002357	exposure to eriodictyol	CHEBI:28412
ECTO:9002358	exposure to erlotinib hydrochloride	CHEBI:53509
ECTO:9002359	exposure to etomidate	CHEBI:4910
ECTO:9002360	exposure to etomoxir	CHEBI:232547
ECTO:9002361	exposure to beta-Glcp-(1->6)-{beta-Glcp-(1->6)-{[beta-Glcp-(1->3)]5}-[beta-Glcp-(1->3)]5}-[beta-Glcp-(1->3)]4-beta-Glcp	CHEBI:62319
ECTO:9002362	exposure to L-leucine zwitterion	CHEBI:57427
ECTO:9002363	exposure to (-)-methyl jasmonate	CHEBI:15929
ECTO:9002364	exposure to terpenoid	CHEBI:26873
ECTO:9002365	exposure to ferroptosis inducer	CHEBI:173085
ECTO:9002366	exposure to ferrostatin-1	CHEBI:173086
ECTO:9002367	exposure to ferulic acid	CHEBI:193350
ECTO:9002368	exposure to roxadustat	CHEBI:132774
ECTO:9002369	exposure to fingolimod	CHEBI:63115
ECTO:9002370	exposure to fisetin	CHEBI:42567
ECTO:9002371	exposure to flavonoid	CHEBI:47916
ECTO:9002372	exposure to florfenicol	CHEBI:87185
ECTO:9002373	exposure to flucloxacillin	CHEBI:5098
ECTO:9002374	exposure to fluoroquinolone antibiotic	CHEBI:87211
ECTO:9002375	exposure to N-[2-amino-6-[(4-fluorophenyl)methylamino]-3-pyridinyl]carbamic acid ethyl ester	CHEBI:94646
ECTO:9002376	exposure to formononetin	CHEBI:18088
ECTO:9002377	exposure to fosmidomycin	CHEBI:443725
ECTO:9002378	exposure to fraxetin	CHEBI:5169
ECTO:9002379	exposure to fructooligosaccharide	CHEBI:190523
ECTO:9002380	exposure to fucoidan	CHEBI:5181
ECTO:9002381	exposure to fulvestrant	CHEBI:31638
ECTO:9002382	exposure to metabolite	CHEBI:25212
ECTO:9002383	exposure to gadolinium atom	CHEBI:33375
ECTO:9002384	exposure to galactoglucomannan	CHEBI:24144
ECTO:9002385	exposure to galactose	CHEBI:28260
ECTO:9002386	exposure to gallic acid	CHEBI:30778
ECTO:9002387	exposure to gallium(3+)	CHEBI:84043
ECTO:9002388	exposure to gefitinib	CHEBI:49668
ECTO:9002389	exposure to starch	CHEBI:28017
ECTO:9002390	exposure to gemfibrozil	CHEBI:5296
ECTO:9002391	exposure to gentamicin	CHEBI:17833
ECTO:9002392	exposure to gentamicin sulfate	CHEBI:5312
ECTO:9002393	exposure to Gibberellic acid	CHEBI:86644
ECTO:9002394	exposure to gilteritinib	CHEBI:145372
ECTO:9002395	exposure to ginsenoside Re	CHEBI:77148
ECTO:9002396	exposure to gliadin	CHEBI:190522
ECTO:9002397	exposure to glipizide	CHEBI:5384
ECTO:9002398	exposure to triamcinolone acetonide	CHEBI:71418
ECTO:9002399	exposure to glutamate(2-)	CHEBI:29987
ECTO:9002400	exposure to glutamic acid	CHEBI:18237
ECTO:9002401	exposure to glycine	CHEBI:15428
ECTO:9002402	exposure to Gly-Pro	CHEBI:70744
ECTO:9002403	exposure to glycyrrhetinic acid	CHEBI:30853
ECTO:9002404	exposure to glycyrrhizinic acid	CHEBI:15939
ECTO:9002405	exposure to glyoxal	CHEBI:34779
ECTO:9002406	exposure to triptorelin	CHEBI:63633
ECTO:9002407	exposure to growth hormone	CHEBI:37845
ECTO:9002408	exposure to guanidinoacetic acid	CHEBI:16344
ECTO:9002409	exposure to guanosine	CHEBI:16750
ECTO:9002410	exposure to gut flora metabolite	CHEBI:82933
ECTO:9002411	exposure to GW 501516	CHEBI:73726
ECTO:9002412	exposure to haloacetic acid	CHEBI:16277
ECTO:9002413	exposure to helenalin	CHEBI:5635
ECTO:9002414	exposure to Heptelidic acid	CHEBI:214314
ECTO:9002415	exposure to hexachlorocyclohexane	CHEBI:24536
ECTO:9002416	exposure to insulin	CHEBI:145810
ECTO:9002418	exposure to homovanillic acid	CHEBI:545959
ECTO:9002419	exposure to hydroxychloroquine	CHEBI:5801
ECTO:9002420	exposure to hyodeoxycholic acid	CHEBI:52023
ECTO:9002421	exposure to ibrutinib	CHEBI:76612
ECTO:9002422	exposure to idarubicin	CHEBI:42068
ECTO:9002423	exposure to GSK864	CHEBI:233361
ECTO:9002424	exposure to imipramine hydrochloride	CHEBI:5882
ECTO:9002425	exposure to chenodeoxycholic acid	CHEBI:16755
ECTO:9002426	exposure to indoxyl sulfate	CHEBI:43355
ECTO:9002427	exposure to indoxyl sulfate(1-)	CHEBI:144643
ECTO:9002428	exposure to insulin (human)	CHEBI:5931
ECTO:9002429	exposure to Interferon beta-1b	CHEBI:5938
ECTO:9002430	exposure to irinotecan hydrochloride (anhydrous)	CHEBI:5971
ECTO:9002431	exposure to iron oxide nanoparticle	CHEBI:50822
ECTO:9002432	exposure to isoxaben	CHEBI:63956
ECTO:9002433	exposure to itaconic acid	CHEBI:30838
ECTO:9002434	exposure to itaconate(2-)	CHEBI:17240
ECTO:9002435	exposure to itraconazole	CHEBI:6076
ECTO:9002436	exposure to ivermectin	CHEBI:6078
ECTO:9002437	exposure to ketoconazole	CHEBI:47519
ECTO:9002438	exposure to kojic acid	CHEBI:43572
ECTO:9002439	exposure to KP1339	CHEBI:176975
ECTO:9002440	exposure to krypton (81mKr) gas	CHEBI:136002
ECTO:9002441	exposure to kynurenine	CHEBI:28683
ECTO:9002442	exposure to L-ascorbic acid 2-phosphate	CHEBI:167162
ECTO:9002443	exposure to L-buthionine-(S,R)-sulfoximine	CHEBI:94288
ECTO:9002444	exposure to carnitine	CHEBI:17126
ECTO:9002445	exposure to L-citrulline	CHEBI:16349
ECTO:9002446	exposure to L-fucose	CHEBI:18287
ECTO:9002447	exposure to L-glyceraldehyde	CHEBI:27975
ECTO:9002448	exposure to L-serine	CHEBI:17115
ECTO:9002449	exposure to labetalol	CHEBI:6343
ECTO:9002450	exposure to lactate	CHEBI:24996
ECTO:9002451	exposure to lactose	CHEBI:17716
ECTO:9002452	exposure to lead(2+)	CHEBI:49807
ECTO:9002453	exposure to lead nitrate	CHEBI:37187
ECTO:9002454	exposure to leflunomide	CHEBI:6402
ECTO:9002455	exposure to lenalidomide	CHEBI:63791
ECTO:9002456	exposure to lesinurad	CHEBI:90929
ECTO:9002457	exposure to letrozole	CHEBI:6413
ECTO:9002458	exposure to levofloxacin	CHEBI:63598
ECTO:9002459	exposure to levonorgestrel	CHEBI:6443
ECTO:9002460	exposure to lignin	CHEBI:6457
ECTO:9002461	exposure to lignocellulose	CHEBI:180683
ECTO:9002462	exposure to linezolid	CHEBI:63607
ECTO:9002463	exposure to loperamide hydrochloride	CHEBI:6533
ECTO:9002464	exposure to loperamide	CHEBI:6532
ECTO:9002465	exposure to magnesium atom	CHEBI:25107
ECTO:9002467	exposure to loxoprofen	CHEBI:76172
ECTO:9002468	exposure to lysophosphatidic acid 16:0	CHEBI:132744
ECTO:9002469	exposure to lumiracoxib	CHEBI:73044
ECTO:9002470	exposure to lurasidone	CHEBI:70735
ECTO:9002471	exposure to lysophosphatidylcholine	CHEBI:60479
ECTO:9002472	exposure to Magnesium perchlorate	CHEBI:184579
ECTO:9002473	exposure to manganese atom	CHEBI:18291
ECTO:9002474	exposure to mannan	CHEBI:28808
ECTO:9002475	exposure to mannose	CHEBI:37684
ECTO:9002476	exposure to maslinic acid	CHEBI:66682
ECTO:9002477	exposure to poly(I:C)	CHEBI:84491
ECTO:9002478	exposure to nicotinamide	CHEBI:17154
ECTO:9002479	exposure to MCC950	CHEBI:231684
ECTO:9002480	exposure to trametinib dimethyl sulfoxide	CHEBI:75991
ECTO:9002481	exposure to melatonin	CHEBI:16796
ECTO:9002482	exposure to melphalan	CHEBI:28876
ECTO:9002483	exposure to memantine	CHEBI:64312
ECTO:9002484	exposure to mercury atom	CHEBI:25195
ECTO:9002485	exposure to mercury(2+)	CHEBI:16793
ECTO:9002486	exposure to meropenem	CHEBI:43968
ECTO:9002487	exposure to mesalamine	CHEBI:6775
ECTO:9002488	exposure to methimazole	CHEBI:50673
ECTO:9002489	exposure to methylphenidate hydrochloride	CHEBI:31836
ECTO:9002490	exposure to midazolam	CHEBI:6931
ECTO:9002491	exposure to miltefosine	CHEBI:75283
ECTO:9002492	exposure to mirabegron	CHEBI:65349
ECTO:9002493	exposure to mitomycin C	CHEBI:27504
ECTO:9002494	exposure to mitoquinone mesylate	CHEBI:234429
ECTO:9002495	exposure to Mitoquinone	CHEBI:233321
ECTO:9002496	exposure to MitoTEMPO	CHEBI:232424
ECTO:9002497	exposure to mitoxantrone	CHEBI:50729
ECTO:9002498	exposure to monensin A	CHEBI:27617
ECTO:9002499	exposure to monocrotaline	CHEBI:6980
ECTO:9002500	exposure to monosodium urate	CHEBI:143125
ECTO:9002501	exposure to montelukast	CHEBI:50730
ECTO:9002502	exposure to montelukast(1-)	CHEBI:49165
ECTO:9002503	exposure to Ku-0063794	CHEBI:85572
ECTO:9002504	exposure to chlorine oxoanion	CHEBI:33437
ECTO:9002505	exposure to oxidised LDL	CHEBI:60151
ECTO:9002506	exposure to myricetin	CHEBI:18152
ECTO:9002507	exposure to polyunsaturated fatty acid	CHEBI:26208
ECTO:9002508	exposure to N-acetyl-L-cysteine	CHEBI:28939
ECTO:9002509	exposure to N-carbamoylglutamate(2-)	CHEBI:233559
ECTO:9002510	exposure to N(8)-acetylspermidinium(2+)	CHEBI:58535
ECTO:9002511	exposure to nevirapine	CHEBI:63613
ECTO:9002512	exposure to nickel(2+)	CHEBI:49786
ECTO:9002513	exposure to nigericin	CHEBI:7569
ECTO:9002514	exposure to nigerose	CHEBI:7570
ECTO:9002515	exposure to nilotinib	CHEBI:52172
ECTO:9002516	exposure to nintedanib	CHEBI:85164
ECTO:9002517	exposure to nitisinone	CHEBI:50378
ECTO:9002518	exposure to nitrofurantoin	CHEBI:71415
ECTO:9002519	exposure to Nivolumab	CHEBI:231614
ECTO:9002520	exposure to norathyriol	CHEBI:7622
ECTO:9002521	exposure to norgestrel	CHEBI:7630
ECTO:9002522	exposure to bisabolane	CHEBI:36480
ECTO:9002523	exposure to nystatin	CHEBI:7660
ECTO:9002524	exposure to obeticholic acid	CHEBI:43602
ECTO:9002525	exposure to octocrylene	CHEBI:135526
ECTO:9002526	exposure to oleanolic acid	CHEBI:37659
ECTO:9002527	exposure to oleic acid	CHEBI:16196
ECTO:9002528	exposure to indole-3-carboxylic acid	CHEBI:24809
ECTO:9002529	exposure to N-methylserotonin(1+)	CHEBI:746957
ECTO:9002530	exposure to oxaliplatin	CHEBI:31941
ECTO:9002531	exposure to oxcarbazepine	CHEBI:7824
ECTO:9002532	exposure to glutathione disulfide(2-)	CHEBI:58297
ECTO:9002533	exposure to oxygen-18 atom	CHEBI:33815
ECTO:9002534	exposure to Oxytetracycline hydrochloride	CHEBI:31953
ECTO:9002535	exposure to p-cresol sulfate(1-)	CHEBI:133670
ECTO:9002536	exposure to p-hydroxybenzyl alcohol	CHEBI:67410
ECTO:9002537	exposure to Paeonol	CHEBI:69581
ECTO:9002538	exposure to paliperidone	CHEBI:82978
ECTO:9002539	exposure to paliperidone palmitate	CHEBI:83807
ECTO:9002540	exposure to S-[2,3-bis(palmitoyloxy)propyl]-Cys-Ser-Lys-Lys-Lys-Lys	CHEBI:46889
ECTO:9002541	exposure to pantetheine	CHEBI:16753
ECTO:9002542	exposure to pantethine	CHEBI:31959
ECTO:9002543	exposure to pantothenate	CHEBI:16454
ECTO:9002544	exposure to paraoxon	CHEBI:27827
ECTO:9002545	exposure to paroxetine	CHEBI:7936
ECTO:9002546	exposure to pazopanib	CHEBI:71219
ECTO:9002547	exposure to PD 0325901	CHEBI:88249
ECTO:9002548	exposure to pemafibrate	CHEBI:228365
ECTO:9002549	exposure to pemetrexed	CHEBI:63616
ECTO:9002550	exposure to benzylpenicillin	CHEBI:18208
ECTO:9002551	exposure to perillyl aldehyde	CHEBI:15421
ECTO:9002552	exposure to perindopril	CHEBI:8024
ECTO:9002553	exposure to peroxynitrite	CHEBI:25941
ECTO:9002554	exposure to pinacyanol iodide	CHEBI:52218
ECTO:9002555	exposure to pioglitazone	CHEBI:8228
ECTO:9002556	exposure to pirarubicin	CHEBI:94770
ECTO:9002557	exposure to PLX5622	CHEBI:230497
ECTO:9002558	exposure to polyamine	CHEBI:88061
ECTO:9002559	exposure to poly(ethylene terephthalate) polymer	CHEBI:61452
ECTO:9002560	exposure to poly(lactic acid) polymer	CHEBI:60159
ECTO:9002561	exposure to polymyxin	CHEBI:59062
ECTO:9002562	exposure to polyphenol	CHEBI:26195
ECTO:9002563	exposure to polystyrene macromolecule	CHEBI:53270
ECTO:9002564	exposure to poly(sulfide) macromolecule	CHEBI:53720
ECTO:9002565	exposure to oligosaccharide	CHEBI:50699
ECTO:9002566	exposure to pyrimidine-2,4-diamine	CHEBI:43745
ECTO:9002567	exposure to primaquine	CHEBI:8405
ECTO:9002568	exposure to L-proline	CHEBI:17203
ECTO:9002569	exposure to endocannabinoid	CHEBI:67197
ECTO:9002570	exposure to propionate	CHEBI:17272
ECTO:9002571	exposure to propofol	CHEBI:44915
ECTO:9002572	exposure to propranolol hydrochloride	CHEBI:8500
ECTO:9002573	exposure to psora 4	CHEBI:183514
ECTO:9002574	exposure to Pyrazolopyrimidinone	CHEBI:231209
ECTO:9002575	exposure to Pyridostigmine bromide	CHEBI:8666
ECTO:9002576	exposure to pyriproxyfen	CHEBI:39260
ECTO:9002577	exposure to pyrrolizidine alkaloid	CHEBI:64948
ECTO:9002578	exposure to pyruvate	CHEBI:15361
ECTO:9002579	exposure to quinic acid	CHEBI:26493
ECTO:9002580	exposure to ractopamine	CHEBI:82644
ECTO:9002581	exposure to Ramatroban	CHEBI:32087
ECTO:9002582	exposure to remdesivir	CHEBI:145994
ECTO:9002583	exposure to 4-(4-Hydroxyphenyl)-2-butanol	CHEBI:81278
ECTO:9002584	exposure to rifampicin	CHEBI:28077
ECTO:9002585	exposure to rocuronium	CHEBI:8884
ECTO:9002586	exposure to rose bengal	CHEBI:52261
ECTO:9002587	exposure to S-methyl methanethiosulfonate	CHEBI:74357
ECTO:9002588	exposure to Salidroside	CHEBI:9009
ECTO:9002589	exposure to saturated fatty acid anion	CHEBI:58953
ECTO:9002590	exposure to Secosterol-A	CHEBI:166812
ECTO:9002591	exposure to selenium atom	CHEBI:27568
ECTO:9002592	exposure to selenocystine	CHEBI:28553
ECTO:9002593	exposure to sertraline	CHEBI:9123
ECTO:9002594	exposure to sertraline hydrochloride	CHEBI:9124
ECTO:9002595	exposure to Shikonin	CHEBI:81068
ECTO:9002596	exposure to short-chain fatty acid anion	CHEBI:58951
ECTO:9002597	exposure to sildenafil citrate	CHEBI:58987
ECTO:9002598	exposure to silver nanoparticle	CHEBI:50826
ECTO:9002599	exposure to silver(1+) nitrate	CHEBI:32130
ECTO:9002600	exposure to sinefungin	CHEBI:45453
ECTO:9002601	exposure to sodium acetate	CHEBI:32954
ECTO:9002602	exposure to sodium butyrate	CHEBI:64103
ECTO:9002603	exposure to sodium glyoxylate	CHEBI:91251
ECTO:9002604	exposure to pentobarbital	CHEBI:7983
ECTO:9002605	exposure to sodium propionate	CHEBI:132106
ECTO:9002606	exposure to sodium pyruvate	CHEBI:50144
ECTO:9002607	exposure to sodium valproate	CHEBI:9925
ECTO:9002608	exposure to sorafenib	CHEBI:50924
ECTO:9002609	exposure to sorafenib tosylate	CHEBI:50928
ECTO:9002610	exposure to spermidine	CHEBI:16610
ECTO:9002611	exposure to spermine	CHEBI:15746
ECTO:9002612	exposure to sphingosine	CHEBI:16393
ECTO:9002613	exposure to D-mannitol	CHEBI:16899
ECTO:9002614	exposure to stavudine	CHEBI:63581
ECTO:9002615	exposure to strontium(2+)	CHEBI:35104
ECTO:9002616	exposure to strontium atom	CHEBI:33324
ECTO:9002617	exposure to substance P	CHEBI:80308
ECTO:9002618	exposure to succinic acid	CHEBI:15741
ECTO:9002619	exposure to sulfate	CHEBI:16189
ECTO:9002620	exposure to sulforaphane	CHEBI:47807
ECTO:9002621	exposure to sulfoxaflor	CHEBI:133305
ECTO:9002622	exposure to sunitinib	CHEBI:38940
ECTO:9002623	exposure to iron oxide	CHEBI:50816
ECTO:9002624	exposure to suramin	CHEBI:45906
ECTO:9002625	exposure to taurine	CHEBI:15891
ECTO:9002626	exposure to taurochenodeoxycholic acid	CHEBI:16525
ECTO:9002627	exposure to taxane diterpenoid	CHEBI:50367
ECTO:9002628	exposure to taxane	CHEBI:36064
ECTO:9002629	exposure to tebufenpyrad	CHEBI:9422
ECTO:9002630	exposure to tenofovir disoproxil fumarate	CHEBI:63718
ECTO:9002631	exposure to terbinafine	CHEBI:9448
ECTO:9002632	exposure to terephthalate(2-)	CHEBI:30043
ECTO:9002633	exposure to terephthalic acid	CHEBI:15702
ECTO:9002634	exposure to 2-(tetradecylthio)acetic acid	CHEBI:94633
ECTO:9002635	exposure to thiazide	CHEBI:50264
ECTO:9002636	exposure to azathioprine	CHEBI:2948
ECTO:9002637	exposure to thiopurine	CHEBI:35666
ECTO:9002638	exposure to thioridazine	CHEBI:9566
ECTO:9002639	exposure to thiouracil	CHEBI:348530
ECTO:9002640	exposure to thymol	CHEBI:27607
ECTO:9002641	exposure to tigecycline	CHEBI:149836
ECTO:9002642	exposure to mevalonate	CHEBI:25350
ECTO:9002643	exposure to tirapazamine	CHEBI:78887
ECTO:9002644	exposure to tobramycin	CHEBI:28864
ECTO:9002645	exposure to tofacitinib	CHEBI:71200
ECTO:9002646	exposure to tolvaptan	CHEBI:32246
ECTO:9002647	exposure to topotecan	CHEBI:63632
ECTO:9002648	exposure to trastuzumab	CHEBI:231601
ECTO:9002649	exposure to Trenbolone acetate	CHEBI:192671
ECTO:9002650	exposure to triacsin C	CHEBI:144441
ECTO:9002651	exposure to trimethylamine N-oxide	CHEBI:15724
ECTO:9002652	exposure to Triptolide	CHEBI:9747
ECTO:9002653	exposure to tris(1,3-dichloropropan-2-yl) phosphate	CHEBI:143729
ECTO:9002654	exposure to uridine 5'-monophosphate(2-)	CHEBI:57865
ECTO:9002655	exposure to ursodeoxycholic acid	CHEBI:9907
ECTO:9002656	exposure to vancomycin	CHEBI:28001
ECTO:9002657	exposure to vandetanib	CHEBI:49960
ECTO:9002658	exposure to vanillate	CHEBI:16632
ECTO:9002659	exposure to vanillin	CHEBI:18346
ECTO:9002660	exposure to veliparib	CHEBI:62880
ECTO:9002661	exposure to vemurafenib	CHEBI:63637
ECTO:9002662	exposure to vincristine	CHEBI:28445
ECTO:9002663	exposure to vincristine sulfate	CHEBI:79401
ECTO:9002664	exposure to vinorelbine	CHEBI:480999
ECTO:9002665	exposure to voriconazole	CHEBI:10023
ECTO:9002666	exposure to VX nerve agent	CHEBI:136185
ECTO:9002667	exposure to zearalenone	CHEBI:10106
ECTO:9002668	exposure to zinc(2+)	CHEBI:29105
ECTO:9002669	exposure to alpha-pyrrolidinobutiophenone	CHEBI:197435
ECTO:9002670	exposure to 17beta-estradiol	CHEBI:16469
ECTO:9002671	exposure to beta-ocimene	CHEBI:10436
ECTO:9002672	exposure to gamma-glutamyl-beta-cyanoalanine	CHEBI:10565
ECTO:9002673	exposure to 1,4-Methylimidazoleacetic acid	CHEBI:185646
ECTO:9002674	exposure to arsenic(3+)	CHEBI:35828
ECTO:9002675	exposure to berberine alkaloid	CHEBI:22754
ECTO:9002676	exposure to CHIR 99021	CHEBI:91091
ECTO:9002677	exposure to chitooligosaccharide	CHEBI:23104
ECTO:9002678	exposure to Chlorin E6	CHEBI:168630
ECTO:9002679	exposure to chlorpromazine hydrochloride	CHEBI:3649
ECTO:9002680	exposure to cyclodextrin	CHEBI:23456
ECTO:9002681	exposure to dasatinib(1+)	CHEBI:190514
ECTO:9002682	exposure to diallyl trisulfide	CHEBI:78492
ECTO:9002683	exposure to didanosine	CHEBI:490877
ECTO:9002684	exposure to dinitrogen	CHEBI:17997
ECTO:9002685	exposure to efavirenz	CHEBI:119486
ECTO:9002686	exposure to fludarabine phosphate	CHEBI:63599
ECTO:9002687	exposure to iridium(3+)	CHEBI:49704
ECTO:9002688	exposure to L-arginine, methyl ester	CHEBI:184062
ECTO:9002689	exposure to lysophosphatidic acid	CHEBI:132742
ECTO:9002690	exposure to metamizole(1-)	CHEBI:62086
ECTO:9002691	exposure to phytosphingosine(1+)	CHEBI:64124
ECTO:9002692	exposure to rosiglitazone(1-)	CHEBI:188074
ECTO:9002693	exposure to sodium benzoate	CHEBI:113455
ECTO:9002694	exposure to teixobactin	CHEBI:84192
ECTO:9002695	exposure to Tri-2-ethylhexyl trimellitate	CHEBI:184113
ECTO:9002696	exposure to Fucosyllactose	CHEBI:175787
ECTO:9002697	exposure to 3-hydroxyphenylacetate	CHEBI:58149
ECTO:9002698	exposure to 4-Bromo-9-(iodomethyl)-1,5,12-trimethyl-8-oxatricyclo dodeca-2,4,6-triene	CHEBI:203402
ECTO:9002699	exposure to 4-hydroxyphenylacetate	CHEBI:48999
ECTO:9002700	exposure to serine	CHEBI:17822
ECTO:9002701	exposure to acetohydroxamic acid	CHEBI:27777
ECTO:9002702	exposure to 3-methyl-2-oxovaleric acid	CHEBI:35932
ECTO:9002703	exposure to 5-oxoproline	CHEBI:16010
ECTO:9002704	exposure to aflatoxin B1	CHEBI:2504
ECTO:9002705	exposure to MK-2206	CHEBI:67271
ECTO:9002706	exposure to alexidine	CHEBI:53661
ECTO:9002707	exposure to L-alanine	CHEBI:16977
ECTO:9002708	exposure to threonine	CHEBI:26986
ECTO:9002709	exposure to ampicillin(1-)	CHEBI:50658
ECTO:9002710	exposure to etanercept	CHEBI:4875
ECTO:9002711	exposure to minocycline	CHEBI:50694
ECTO:9002712	exposure to cefoperazone	CHEBI:3493
ECTO:9002713	exposure to nortriptyline	CHEBI:7640
ECTO:9002714	exposure to atovaquone	CHEBI:575568
ECTO:9002715	exposure to apixaban	CHEBI:72296
ECTO:9002716	exposure to Arctiin	CHEBI:80793
ECTO:9002717	exposure to asparagine	CHEBI:22653
ECTO:9002718	exposure to aspartate	CHEBI:132943
ECTO:9002719	exposure to astaxanthin	CHEBI:40968
ECTO:9002720	exposure to atazanavir	CHEBI:37924
ECTO:9002721	exposure to KU-55933	CHEBI:228209
ECTO:9002722	exposure to Atractylodin	CHEBI:80795
ECTO:9002723	exposure to Avasimibe	CHEBI:177719
ECTO:9002724	exposure to baricitinib	CHEBI:95341
ECTO:9002725	exposure to bedaquiline	CHEBI:72292
ECTO:9002726	exposure to bile acids	CHEBI:138366
ECTO:9002727	exposure to bismuth atom	CHEBI:33301
ECTO:9002728	exposure to bisoprolol	CHEBI:3127
ECTO:9002729	exposure to bleomycin A2	CHEBI:3139
ECTO:9002730	exposure to brequinar	CHEBI:177387
ECTO:9002731	exposure to Brilliant Blue	CHEBI:82411
ECTO:9002732	exposure to buprenorphine	CHEBI:3216
ECTO:9002733	exposure to Bupropion hydrochloride	CHEBI:3220
ECTO:9002734	exposure to busulfan	CHEBI:28901
ECTO:9002735	exposure to butyric acid	CHEBI:30772
ECTO:9002736	exposure to ceruletide	CHEBI:59219
ECTO:9002737	exposure to capsaicin	CHEBI:3374
ECTO:9002738	exposure to carfilzomib	CHEBI:65347
ECTO:9002739	exposure to catalpol	CHEBI:69797
ECTO:9002740	exposure to CB-5083	CHEBI:232521
ECTO:9002741	exposure to JWH-133	CHEBI:146243
ECTO:9002742	exposure to cefadroxil	CHEBI:3479
ECTO:9002743	exposure to Centrinone	CHEBI:747302
ECTO:9002744	exposure to chaetocin	CHEBI:68747
ECTO:9002745	exposure to chitosan	CHEBI:16261
ECTO:9002746	exposure to chlorite	CHEBI:17441
ECTO:9002747	exposure to chlorogenic acid	CHEBI:16112
ECTO:9002748	exposure to cholic acid	CHEBI:16359
ECTO:9002749	exposure to choline	CHEBI:15354
ECTO:9002750	exposure to ferric ammonium citrate	CHEBI:31604
ECTO:9002751	exposure to 4,5,6,7-TETRABROMOBENZOTRIAZOLE	CHEBI:47697
ECTO:9002752	exposure to cobalt chloride hexahydrate	CHEBI:53503
ECTO:9002753	exposure to Collagen	CHEBI:3815
ECTO:9002754	exposure to sildenafil	CHEBI:9139
ECTO:9002755	exposure to Coronatine	CHEBI:80730
ECTO:9002756	exposure to crystalline cellulose	CHEBI:62968
ECTO:9002757	exposure to trans-zeatin	CHEBI:16522
ECTO:9002758	exposure to Zeatin-7-N-glucoside	CHEBI:183694
ECTO:9002759	exposure to dabigatran etexilate	CHEBI:70746
ECTO:9002760	exposure to gonadotropin releasing hormone agonist	CHEBI:63533
ECTO:9002761	exposure to hydroxytyrosol	CHEBI:68889
ECTO:9002762	exposure to deferasirox	CHEBI:49005
ECTO:9002763	exposure to hispidulin	CHEBI:75902
ECTO:9002764	exposure to L-asparagine	CHEBI:17196
ECTO:9002765	exposure to L-leucine	CHEBI:15603
ECTO:9002766	exposure to omega-3 fatty acid	CHEBI:25681
ECTO:9002767	exposure to lysine	CHEBI:25094
ECTO:9002768	exposure to arabinose	CHEBI:22599
ECTO:9002769	exposure to malate	CHEBI:25115
ECTO:9002770	exposure to dimethyl fumarate	CHEBI:76004
ECTO:9002771	exposure to dolutegravir	CHEBI:76010
ECTO:9002772	exposure to domoic acid	CHEBI:34727
ECTO:9002773	exposure to Gly-Gly-Leu	CHEBI:73904
ECTO:9002774	exposure to eliglustat	CHEBI:82752
ECTO:9002775	exposure to ellagic acid	CHEBI:4775
ECTO:9002776	exposure to emodin	CHEBI:42223
ECTO:9002777	exposure to enrofloxacin	CHEBI:35720
ECTO:9002778	exposure to ergosterol	CHEBI:16933
ECTO:9002779	exposure to ertapenem	CHEBI:404903
ECTO:9002780	exposure to escitalopram	CHEBI:36791
ECTO:9002781	exposure to esculetin	CHEBI:490095
ECTO:9002782	exposure to Flurogestone acetate	CHEBI:79932
ECTO:9002783	exposure to Euphol	CHEBI:4940
ECTO:9002784	exposure to everolimus	CHEBI:68478
ECTO:9002785	exposure to silibinin	CHEBI:9144
ECTO:9002786	exposure to 24-hydroxycholesterol	CHEBI:50515
ECTO:9002787	exposure to sulfite	CHEBI:17359
ECTO:9002788	exposure to N-acetylglucosamine	CHEBI:59640
ECTO:9002789	exposure to oleamide	CHEBI:116314
ECTO:9002790	exposure to phytosphingosine	CHEBI:46961
ECTO:9002791	exposure to protectin D1	CHEBI:138655
ECTO:9002792	exposure to zymosterol	CHEBI:18252
ECTO:9002793	exposure to tazemetostat	CHEBI:231598
ECTO:9002794	exposure to fasudil	CHEBI:43871
ECTO:9002795	exposure to fleroxacin	CHEBI:31810
ECTO:9002796	exposure to fullerene	CHEBI:33416
ECTO:9002797	exposure to glutamine	CHEBI:28300
ECTO:9002798	exposure to graphene oxide	CHEBI:132889
ECTO:9002799	exposure to harmol	CHEBI:192558
ECTO:9002800	exposure to hesperidin	CHEBI:28775
ECTO:9002801	exposure to hexanoic acid	CHEBI:30776
ECTO:9002802	exposure to inorganic phosphate	CHEBI:24838
ECTO:9002803	exposure to uric acid	CHEBI:27226
ECTO:9002804	exposure to vorinostat	CHEBI:45716
ECTO:9002805	exposure to omacetaxine mepesuccinate	CHEBI:71019
ECTO:9002806	exposure to dihydrogen	CHEBI:18276
ECTO:9002807	exposure to hydroxychloroquine(2+)	CHEBI:149564
ECTO:9002808	exposure to hyocholic acid	CHEBI:81244
ECTO:9002809	exposure to hypericin	CHEBI:5835
ECTO:9002810	exposure to hypoxanthine	CHEBI:17368
ECTO:9002811	exposure to icariin	CHEBI:78420
ECTO:9002812	exposure to imiquimod	CHEBI:36704
ECTO:9002813	exposure to flavonoids	CHEBI:72544
ECTO:9002814	exposure to fluticasone furoate	CHEBI:74899
ECTO:9002815	exposure to sulfide	CHEBI:26822
ECTO:9002816	exposure to inosine	CHEBI:17596
ECTO:9002817	exposure to iodoacetic acid	CHEBI:74571
ECTO:9002818	exposure to irinotecan	CHEBI:80630
ECTO:9002819	exposure to iron(2+) chelator	CHEBI:38162
ECTO:9002820	exposure to Isocorydine	CHEBI:6000
ECTO:9002821	exposure to isoleucine	CHEBI:24898
ECTO:9002822	exposure to isoniazide	CHEBI:6030
ECTO:9002823	exposure to L-citrulline zwitterion	CHEBI:57743
ECTO:9002824	exposure to lumichrome	CHEBI:17781
ECTO:9002825	exposure to Luteinizing hormone	CHEBI:81568
ECTO:9002826	exposure to maleic acid	CHEBI:18300
ECTO:9002827	exposure to malic acid	CHEBI:6650
ECTO:9002828	exposure to Mdivi-1	CHEBI:232380
ECTO:9002829	exposure to melittin	CHEBI:6736
ECTO:9002830	exposure to mercury(0)	CHEBI:16170
ECTO:9002831	exposure to metconazole	CHEBI:81773
ECTO:9002832	exposure to sulfamic acid [(1S,2S,4R)-4-[4-[[(1S)-2,3-dihydro-1H-inden-1-yl]amino]-7-pyrrolo[2,3-d]pyrimidinyl]-2-hydroxycyclopentyl]methyl ester	CHEBI:95028
ECTO:9002833	exposure to MnTBAP	CHEBI:233143
ECTO:9002834	exposure to Monensin sodium salt	CHEBI:201815
ECTO:9002835	exposure to mosapride	CHEBI:94373
ECTO:9002836	exposure to entinostat	CHEBI:132082
ECTO:9002837	exposure to linoleic acid	CHEBI:17351
ECTO:9002838	exposure to mycophenolate mofetil	CHEBI:8764
ECTO:9002839	exposure to acetyltaurine	CHEBI:84415
ECTO:9002840	exposure to nandrolone	CHEBI:7466
ECTO:9002841	exposure to Remodelin	CHEBI:747163
ECTO:9002842	exposure to navitoclax	CHEBI:131174
ECTO:9002843	exposure to nebivolol	CHEBI:64022
ECTO:9002844	exposure to nedocromil	CHEBI:7492
ECTO:9002845	exposure to vitamin B3	CHEBI:176839
ECTO:9002846	exposure to nicardipine	CHEBI:7550
ECTO:9002847	exposure to nickel atom	CHEBI:28112
ECTO:9002848	exposure to niclosamide	CHEBI:7553
ECTO:9002849	exposure to Nifurtimox	CHEBI:7566
ECTO:9002850	exposure to ochratoxin A	CHEBI:7719
ECTO:9002851	exposure to okadaic acid	CHEBI:44658
ECTO:9002852	exposure to olaparib	CHEBI:83766
ECTO:9002853	exposure to oligomycin	CHEBI:25675
ECTO:9002854	exposure to Ondansetron	CHEBI:7773
ECTO:9002855	exposure to indole-3-carboxylate	CHEBI:62448
ECTO:9002856	exposure to N-methylserotonin	CHEBI:48294
ECTO:9002857	exposure to anthocyanin	CHEBI:38697
ECTO:9002858	exposure to ornithine	CHEBI:18257
ECTO:9002859	exposure to peroxide	CHEBI:44785
ECTO:9002860	exposure to pazopanib hydrochloride	CHEBI:71217
ECTO:9002861	exposure to arterolane	CHEBI:136054
ECTO:9002862	exposure to phencyclidine	CHEBI:8058
ECTO:9002863	exposure to phenobarbital	CHEBI:8069
ECTO:9002864	exposure to xylose	CHEBI:18222
ECTO:9002865	exposure to pictrelisib	CHEBI:65326
ECTO:9002866	exposure to Pioglitazone hydrochloride	CHEBI:8229
ECTO:9002867	exposure to platycodin D	CHEBI:70436
ECTO:9002868	exposure to prednisone	CHEBI:8382
ECTO:9002869	exposure to prostaglandin D2	CHEBI:15555
ECTO:9002870	exposure to Proteinase K	CHEBI:201492
ECTO:9002871	exposure to pyrazolopyrimidine	CHEBI:38669
ECTO:9002872	exposure to pyrimethamine	CHEBI:8673
ECTO:9002873	exposure to queuine	CHEBI:17433
ECTO:9002874	exposure to Y-27632	CHEBI:75393
ECTO:9002875	exposure to JTE-013	CHEBI:195541
ECTO:9002876	exposure to sarcosine	CHEBI:15611
ECTO:9002877	exposure to SCH772984	CHEBI:167670
ECTO:9002878	exposure to Schisantherin A	CHEBI:9048
ECTO:9002879	exposure to scopolamine	CHEBI:16794
ECTO:9002880	exposure to short-chain fatty acid	CHEBI:26666
ECTO:9002881	exposure to silmitasertib	CHEBI:232159
ECTO:9002882	exposure to milnacipran	CHEBI:135005
ECTO:9002883	exposure to sodium atom	CHEBI:26708
ECTO:9002884	exposure to spermidine trihydrochloride	CHEBI:233088
ECTO:9002885	exposure to fluvoxamine	CHEBI:5138
ECTO:9002886	exposure to sulfasalazine	CHEBI:9334
ECTO:9002887	exposure to corticotropin	CHEBI:3892
ECTO:9002888	exposure to tafenoquine	CHEBI:135752
ECTO:9002889	exposure to taurocholic acid	CHEBI:28865
ECTO:9002890	exposure to teriparatide	CHEBI:135983
ECTO:9002891	exposure to bendroflumethiazide	CHEBI:3013
ECTO:9002892	exposure to indapamide	CHEBI:5893
ECTO:9002893	exposure to cannabidiol	CHEBI:69478
ECTO:9002894	exposure to treprostinil	CHEBI:50861
ECTO:9002895	exposure to tryptophan	CHEBI:27897
ECTO:9002896	exposure to tryptophol	CHEBI:17890
ECTO:9002897	exposure to tauroursodeoxycholic acid	CHEBI:80774
ECTO:9002898	exposure to tungsten	CHEBI:27998
ECTO:9002899	exposure to Tyr-Asp	CHEBI:141455
ECTO:9002900	exposure to uridine	CHEBI:16704
ECTO:9002901	exposure to valine	CHEBI:27266
ECTO:9002902	exposure to varenicline	CHEBI:84500
ECTO:9002903	exposure to AN11736	CHEBI:157671
ECTO:9002904	exposure to virginiamycin	CHEBI:87209
ECTO:9002905	exposure to willow bark extract	CHEBI:79395
ECTO:9002906	exposure to pirinixic acid	CHEBI:32509
ECTO:9002907	exposure to YK-4-279	CHEBI:94301
ECTO:9002908	exposure to yohimbine	CHEBI:10093
ECTO:9002909	exposure to Pervanadate	CHEBI:235319
ECTO:9002910	exposure to zebularine	CHEBI:46938
ECTO:9002911	exposure to zileuton	CHEBI:10112
ECTO:9002912	exposure to zingerone	CHEBI:68657
ECTO:9002913	exposure to zonisamide	CHEBI:10127
